d_lat,d_int,seed,hidden,sigma_noise,step,is_final,test_loss,train_loss,C,C_per_dim,corrected_error,corrected_error_per_dim,corrected_error_per_dim_popC,logged_score_error_BUGGY,C_bug_per_dim,mismatch_per_dim,memorization_fraction
10,5,42,256,0.01,1,0,1.004184627532959,0.964382553100586,24.330047607421875,2.4330047607421874,31.067359541566724,3.1067359541566724,3.1410111998231764,7.026091003417969,7.365989685058594,4.888487243652344,0.0
10,5,42,256,0.01,5000,0,0.46378703117370607,0.44565277099609374,24.330047607421875,2.4330047607421874,1.255485462797516,0.1255485462797516,0.1598237919462555,5.343923187255859,7.365989685058594,4.888487243652344,0.0
10,5,42,256,0.01,10000,0,0.45794095993041994,0.45496931076049807,24.330047607421875,2.4330047607421874,0.9329778481550228,0.09329778481550229,0.1275730304820062,5.240568161010742,7.365989685058594,4.888487243652344,0.00019999999494757503
10,5,42,256,0.01,15000,0,0.4553985118865967,0.4337428092956543,24.330047607421875,2.4330047607421874,0.7927197466295581,0.07927197466295581,0.11354722032945971,5.150469207763672,7.365989685058594,4.888487243652344,0.0010000000474974513
10,5,42,256,0.01,20000,0,0.4536914348602295,0.4498020648956299,24.330047607421875,2.4330047607421874,0.6985461868363991,0.06985461868363992,0.10412986435014382,5.12509765625,7.365989685058594,4.888487243652344,0.0006000000284984708
10,5,42,256,0.01,25000,0,0.45352859497070314,0.42677860260009765,24.330047607421875,2.4330047607421874,0.6895628710069666,0.06895628710069665,0.10323153276720057,5.059902572631836,7.365989685058594,4.888487243652344,0.0006000000284984708
10,5,42,256,0.01,30000,0,0.45370874404907224,0.4294748783111572,24.330047607421875,2.4330047607421874,0.6995010751661468,0.06995010751661468,0.10422535318311858,4.99180793762207,7.365989685058594,4.888487243652344,0.0006000000284984708
10,5,42,256,0.01,35000,0,0.45255155563354493,0.426287317276001,24.330047607421875,2.4330047607421874,0.6356629760303782,0.06356629760303782,0.09784154326954173,5.025762939453125,7.365989685058594,4.888487243652344,0.0006000000284984708
10,5,42,256,0.01,40000,0,0.4520240306854248,0.4226179599761963,24.330047607421875,2.4330047607421874,0.6065612416172037,0.06065612416172037,0.09493136982822428,4.942317199707031,7.365989685058594,4.888487243652344,0.0007999999797903001
10,5,42,256,0.01,45000,0,0.4537625789642334,0.41178145408630373,24.330047607421875,2.4330047607421874,0.702470962009901,0.0702470962009901,0.10452234186749401,4.955717468261719,7.365989685058594,4.888487243652344,0.0007999999797903001
10,5,42,256,0.01,50000,0,0.45395350456237793,0.4246784210205078,24.330047607421875,2.4330047607421874,0.7130036696471045,0.07130036696471045,0.10557561263121436,4.94644775390625,7.365989685058594,4.888487243652344,0.0007999999797903001
10,5,42,256,0.01,55000,0,0.454743766784668,0.4332611083984375,24.330047607421875,2.4330047607421874,0.756599714520064,0.0756599714520064,0.10993521711851031,4.882072448730469,7.365989685058594,4.888487243652344,0.00039999998989515007
10,5,42,256,0.01,60000,0,0.45762248039245607,0.4253366470336914,24.330047607421875,2.4330047607421874,0.9154084289969617,0.09154084289969618,0.12581608856620008,4.885290908813476,7.365989685058594,4.888487243652344,0.0012000000569969416
10,5,42,256,0.01,65000,0,0.4598846435546875,0.4082968711853027,24.330047607421875,2.4330047607421874,1.0402041790010763,0.10402041790010763,0.13829566356661155,4.856578063964844,7.365989685058594,4.888487243652344,0.0010000000474974513
10,5,42,256,0.01,70000,0,0.45966477394104005,0.41973066329956055,24.330047607421875,2.4330047607421874,1.028074729721574,0.1028074729721574,0.1370827186386613,4.906362152099609,7.365989685058594,4.888487243652344,0.0012000000569969416
10,5,42,256,0.01,75000,0,0.4618404388427734,0.4147608757019043,24.330047607421875,2.4330047607421874,1.1480986686233194,0.11480986686233194,0.14908511252883586,4.873789978027344,7.365989685058594,4.888487243652344,0.0007999999797903001
10,5,42,256,0.01,80000,0,0.4622917652130127,0.4107815742492676,24.330047607421875,2.4330047607421874,1.1729967899485239,0.11729967899485239,0.1515749246613563,4.961002349853516,7.365989685058594,4.888487243652344,0.0006000000284984708
10,5,42,256,0.01,85000,0,0.4644822120666504,0.42649216651916505,24.330047607421875,2.4330047607421874,1.293836198222781,0.1293836198222781,0.163658865488782,4.852644348144532,7.365989685058594,4.888487243652344,0.0010000000474974513
10,5,42,256,0.01,90000,0,0.4657259464263916,0.398249888420105,24.330047607421875,2.4330047607421874,1.3624487390072773,0.13624487390072773,0.17052011956723162,4.834075927734375,7.365989685058594,4.888487243652344,0.0010000000474974513
10,5,42,256,0.01,95000,0,0.469318151473999,0.3925959348678589,24.330047607421875,2.4330047607421874,1.5606183187128089,0.1560618318712809,0.19033707753778478,4.792877578735352,7.365989685058594,4.888487243652344,0.0007999999797903001
10,5,42,256,0.01,100000,0,0.46941180229187013,0.40673089027404785,24.330047607421875,2.4330047607421874,1.5657847117696164,0.15657847117696164,0.19085371684346555,4.827277755737304,7.365989685058594,4.888487243652344,0.0012000000569969416
10,5,42,256,0.01,105000,0,0.4689671993255615,0.3946406126022339,24.330047607421875,2.4330047607421874,1.5412574974815882,0.15412574974815882,0.18840099541466274,4.881240463256836,7.365989685058594,4.888487243652344,0.00139999995008111
10,5,42,256,0.01,110000,0,0.4729623794555664,0.40742030143737795,24.330047607421875,2.4330047607421874,1.7616578245003005,0.17616578245003006,0.21044102811653395,4.867951965332031,7.365989685058594,4.888487243652344,0.0010000000474974513
10,5,42,256,0.01,115000,0,0.47368507385253905,0.4252984046936035,24.330047607421875,2.4330047607421874,1.801526385176981,0.18015263851769808,0.214427884184202,4.845470428466797,7.365989685058594,4.888487243652344,0.0015999999595806003
10,5,42,256,0.01,120000,0,0.4770034313201904,0.4110076427459717,24.330047607421875,2.4330047607421874,1.9845887371201627,0.19845887371201626,0.23273411937852018,4.867776107788086,7.365989685058594,4.888487243652344,0.00139999995008111
10,5,42,256,0.01,125000,0,0.4787139892578125,0.413405704498291,24.330047607421875,2.4330047607421874,2.0789543267978168,0.20789543267978167,0.24217067834628558,4.86381721496582,7.365989685058594,4.888487243652344,0.0015999999595806003
10,5,42,256,0.01,130000,0,0.4778355598449707,0.41054277420043944,24.330047607421875,2.4330047607421874,2.0304944016997837,0.20304944016997836,0.23732468583648228,4.803557586669922,7.365989685058594,4.888487243652344,0.0020000000949949026
10,5,42,256,0.01,135000,0,0.48106942176818845,0.3905134916305542,24.330047607421875,2.4330047607421874,2.208895425487839,0.22088954254878387,0.25516478821528776,4.798591613769531,7.365989685058594,4.888487243652344,0.00139999995008111
10,5,42,256,0.01,140000,0,0.4849738121032715,0.3764640808105469,24.330047607421875,2.4330047607421874,2.4242871922315175,0.24242871922315173,0.27670396488965565,4.889657592773437,7.365989685058594,4.888487243652344,0.0020000000949949026
10,5,42,256,0.01,145000,0,0.4858753204345703,0.4084275245666504,24.330047607421875,2.4330047607421874,2.4740203017692153,0.24740203017692153,0.28167727584342545,4.90357780456543,7.365989685058594,4.888487243652344,0.0017999999690800905
10,5,42,256,0.01,150000,0,0.48965086936950686,0.3876829147338867,24.330047607421875,2.4330047607421874,2.682304332240239,0.2682304332240239,0.3025056788905278,4.813545227050781,7.365989685058594,4.888487243652344,0.002199999988079071
10,5,42,256,0.01,155000,0,0.49042820930480957,0.38365974426269533,24.330047607421875,2.4330047607421874,2.725187499048843,0.27251874990488434,0.3067939955713882,4.844998550415039,7.365989685058594,4.888487243652344,0.00139999995008111
10,5,42,256,0.01,160000,0,0.49434890747070315,0.3969857215881348,24.330047607421875,2.4330047607421874,2.941478912648652,0.2941478912648652,0.3284231369313691,4.811737060546875,7.365989685058594,4.888487243652344,0.0020000000949949026
10,5,42,256,0.01,165000,0,0.5001052856445313,0.39888648986816405,24.330047607421875,2.4330047607421874,3.2590384695824604,0.32590384695824604,0.36017909262474995,4.816423797607422,7.365989685058594,4.888487243652344,0.0020000000949949026
10,5,42,256,0.01,170000,0,0.4991294860839844,0.42095222473144533,24.330047607421875,2.4330047607421874,3.205206968811307,0.3205206968811307,0.35479594254763464,4.793728256225586,7.365989685058594,4.888487243652344,0.00419999985024333
10,5,42,256,0.01,175000,0,0.497925853729248,0.4076850414276123,24.330047607421875,2.4330047607421874,3.1388067175180403,0.313880671751804,0.3481559174183079,4.847386169433594,7.365989685058594,4.888487243652344,0.0015999999595806003
10,5,42,256,0.01,180000,0,0.5034965515136719,0.35919644832611086,24.330047607421875,2.4330047607421874,3.446122926914569,0.3446122926914569,0.3788875383579608,4.864864349365234,7.365989685058594,4.888487243652344,0.0034000000450760126
10,5,42,256,0.01,185000,0,0.5113353252410888,0.36915690898895265,24.330047607421875,2.4330047607421874,3.878561074064219,0.3878561074064219,0.4221313530729258,4.908762359619141,7.365989685058594,4.888487243652344,0.003800000064074993
10,5,42,256,0.01,190000,0,0.508349084854126,0.3654670476913452,24.330047607421875,2.4330047607421874,3.713820477538899,0.37138204775388994,0.4056572934203938,4.8445781707763675,7.365989685058594,4.888487243652344,0.002400000113993883
10,5,42,256,0.01,195000,0,0.5098574161529541,0.3772501230239868,24.330047607421875,2.4330047607421874,3.7970299200913367,0.37970299200913366,0.4139782376756376,4.887826919555664,7.365989685058594,4.888487243652344,0.0031999999191612005
10,5,42,256,0.01,200000,0,0.5155790328979493,0.3658444881439209,24.330047607421875,2.4330047607421874,4.112671808726564,0.41126718087265635,0.44554242653916026,4.846575164794922,7.365989685058594,4.888487243652344,0.00279999990016222
10,5,42,256,0.01,205000,0,0.5191227436065674,0.3636359930038452,24.330047607421875,2.4330047607421874,4.308166122780985,0.43081661227809853,0.46509185794460245,4.896319580078125,7.365989685058594,4.888487243652344,0.0026000000070780516
10,5,42,256,0.01,210000,0,0.5190817832946777,0.3625314235687256,24.330047607421875,2.4330047607421874,4.3059064834552245,0.43059064834552246,0.4648658940120264,4.84083137512207,7.365989685058594,4.888487243652344,0.003800000064074993
10,5,42,256,0.01,215000,0,0.5205203533172608,0.3491044044494629,24.330047607421875,2.4330047607421874,4.3852674366786815,0.43852674366786815,0.47280198933437206,4.904880523681641,7.365989685058594,4.888487243652344,0.003599999938160181
10,5,42,256,0.01,220000,0,0.5240841388702393,0.3943096399307251,24.330047607421875,2.4330047607421874,4.581869210751901,0.45818692107519005,0.49246216674169396,4.880257797241211,7.365989685058594,4.888487243652344,0.004999999888241291
10,5,42,256,0.01,225000,0,0.5297176361083984,0.3566730976104736,24.330047607421875,2.4330047607421874,4.89264984970842,0.489264984970842,0.5235402306373459,4.8105426788330075,7.365989685058594,4.888487243652344,0.006000000052154064
10,5,42,256,0.01,230000,0,0.5381087779998779,0.37162075042724607,24.330047607421875,2.4330047607421874,5.355560245926338,0.5355560245926337,0.5698312702591377,4.827402496337891,7.365989685058594,4.888487243652344,0.005200000014156103
10,5,42,256,0.01,235000,0,0.5341057777404785,0.36304805278778074,24.330047607421875,2.4330047607421874,5.134728509304104,0.5134728509304104,0.5477480965969143,4.817969131469726,7.365989685058594,4.888487243652344,0.0034000000450760126
10,5,42,256,0.01,240000,0,0.5372164249420166,0.3585031747817993,24.330047607421875,2.4330047607421874,5.306332201290328,0.5306332201290328,0.5649084657955367,4.878518676757812,7.365989685058594,4.888487243652344,0.00559999980032444
10,5,42,256,0.01,245000,0,0.5360694885253906,0.34778337478637694,24.330047607421875,2.4330047607421874,5.243059669622593,0.5243059669622593,0.5585812126287631,4.940096664428711,7.365989685058594,4.888487243652344,0.006599999964237213
10,5,42,256,0.01,250000,0,0.5435148715972901,0.37465481758117675,24.330047607421875,2.4330047607421874,5.653795809278009,0.5653795809278008,0.5996548265943048,4.8241111755371096,7.365989685058594,4.888487243652344,0.006399999838322401
10,5,42,256,0.01,255000,0,0.5516108512878418,0.3586242198944092,24.330047607421875,2.4330047607421874,6.100423123509344,0.6100423123509344,0.6443175580174383,4.873100662231446,7.365989685058594,4.888487243652344,0.007000000216066837
10,5,42,256,0.01,260000,0,0.5468298912048339,0.34494078159332275,24.330047607421875,2.4330047607421874,5.836674022975782,0.5836674022975782,0.617942647964082,4.90564193725586,7.365989685058594,4.888487243652344,0.00559999980032444
10,5,42,256,0.01,265000,0,0.5549272537231446,0.35555353164672854,24.330047607421875,2.4330047607421874,6.283377623051642,0.6283377623051642,0.6626130079716681,4.943616485595703,7.365989685058594,4.888487243652344,0.006200000178068876
10,5,42,256,0.01,270000,0,0.5540709972381592,0.3318867444992065,24.330047607421875,2.4330047607421874,6.236140902012373,0.6236140902012373,0.6578893358677412,4.899149322509766,7.365989685058594,4.888487243652344,0.003599999938160181
10,5,42,256,0.01,275000,0,0.5587307929992675,0.32810790538787843,24.330047607421875,2.4330047607421874,6.493205784237709,0.6493205784237709,0.6835958240902749,4.875141525268555,7.365989685058594,4.888487243652344,0.007000000216066837
10,5,42,256,0.01,280000,0,0.5651763439178467,0.3582937479019165,24.330047607421875,2.4330047607421874,6.848784627755055,0.6848784627755056,0.7191537084420094,4.984127807617187,7.365989685058594,4.888487243652344,0.007400000002235174
10,5,42,256,0.01,285000,0,0.5621674060821533,0.33569209575653075,24.330047607421875,2.4330047607421874,6.682791891160974,0.6682791891160974,0.7025544347826014,4.907364273071289,7.365989685058594,4.888487243652344,0.009999999776482582
10,5,42,256,0.01,290000,0,0.5635546684265137,0.3507216930389404,24.330047607421875,2.4330047607421874,6.7593223764979165,0.6759322376497916,0.7102074833162956,4.904659271240234,7.365989685058594,4.888487243652344,0.009399999864399433
10,5,42,256,0.01,295000,0,0.5659500598907471,0.33098111152648924,24.330047607421875,2.4330047607421874,6.891467873040078,0.6891467873040078,0.7234220329705117,4.919475936889649,7.365989685058594,4.888487243652344,0.007600000128149986
10,5,42,256,0.01,300000,1,0.5717908859252929,0.3366499185562134,24.330047607421875,2.4330047607421874,7.213686127582648,0.7213686127582648,0.7556438584247687,4.968401718139648,7.365989685058594,4.888487243652344,0.009999999776482582
15,5,42,256,0.01,1,0,1.007950528462728,1.011903699239095,24.423175811767578,1.6282117207845053,58.9845625866007,3.932304172440047,3.9601922797398514,8.539321899414062,6.961144002278646,5.359440612792969,0.0
15,5,42,256,0.01,5000,0,0.3103252728780111,0.29898045857747396,24.423175811767578,1.6282117207845053,1.2561888472177927,0.08374592314785284,0.11163403044765753,5.6371002197265625,6.961144002278646,5.359440612792969,0.0
15,5,42,256,0.01,10000,0,0.3078081448872884,0.2988938013712565,24.423175811767578,1.6282117207845053,1.047896925107679,0.06985979500717861,0.0977479023069833,5.7321528116861975,6.961144002278646,5.359440612792969,0.0
15,5,42,256,0.01,15000,0,0.30809110005696616,0.29739421208699546,24.423175811767578,1.6282117207845053,1.0713114182841856,0.07142076121894571,0.0993088685187504,5.636318969726562,6.961144002278646,5.359440612792969,0.0
15,5,42,256,0.01,20000,0,0.306024169921875,0.2948089917500814,24.423175811767578,1.6282117207845053,0.9002732937659914,0.06001821958439943,0.08790632688420412,5.58022206624349,6.961144002278646,5.359440612792969,0.00019999999494757503
15,5,42,256,0.01,25000,0,0.30389200846354164,0.2972886403401693,24.423175811767578,1.6282117207845053,0.7238372881110493,0.04825581920740329,0.07614392650720797,5.598735555013021,6.961144002278646,5.359440612792969,0.0
15,5,42,256,0.01,30000,0,0.30405505498250324,0.30183397928873695,24.423175811767578,1.6282117207845053,0.7373293604065587,0.04915529069377058,0.07704339799357526,5.505094401041666,6.961144002278646,5.359440612792969,0.0
15,5,42,256,0.01,35000,0,0.3035660107930501,0.290859317779541,24.423175811767578,1.6282117207845053,0.6968610351591273,0.04645740234394182,0.0743455096437465,5.472883097330729,6.961144002278646,5.359440612792969,0.00019999999494757503
15,5,42,256,0.01,40000,0,0.3029733975728353,0.2823642094930013,24.423175811767578,1.6282117207845053,0.647822389861247,0.04318815932408313,0.07107626662388782,5.487934875488281,6.961144002278646,5.359440612792969,0.00019999999494757503
15,5,42,256,0.01,45000,0,0.3029964447021484,0.28332859675089517,24.423175811767578,1.6282117207845053,0.6497295359743767,0.043315302398291775,0.07120340969809646,5.432211303710938,6.961144002278646,5.359440612792969,0.00039999998989515007
15,5,42,256,0.01,50000,0,0.30329631169637045,0.2884823481241862,24.423175811767578,1.6282117207845053,0.6745434798159664,0.04496956532106443,0.07285767262086912,5.46604258219401,6.961144002278646,5.359440612792969,0.00019999999494757503
15,5,42,256,0.01,55000,0,0.3036998748779297,0.29613676071166994,24.423175811767578,1.6282117207845053,0.707938265893457,0.04719588439289713,0.07508399169270182,5.4246571858723955,6.961144002278646,5.359440612792969,0.0
15,5,42,256,0.01,60000,0,0.30378284454345705,0.2912985483805339,24.423175811767578,1.6282117207845053,0.7148039919007232,0.04765359946004821,0.0755417067598529,5.368851725260416,6.961144002278646,5.359440612792969,0.00019999999494757503
15,5,42,256,0.01,65000,0,0.3046980539957682,0.2744537035624186,24.423175811767578,1.6282117207845053,0.7905374216896917,0.05270249477931278,0.08059060207911746,5.336202494303385,6.961144002278646,5.359440612792969,0.00019999999494757503
15,5,42,256,0.01,70000,0,0.3048286437988281,0.28418165842692056,24.423175811767578,1.6282117207845053,0.8013437061486393,0.053422913743242616,0.0813110210430473,5.391492716471354,6.961144002278646,5.359440612792969,0.00019999999494757503
15,5,42,256,0.01,75000,0,0.30510997772216797,0.29124310811360676,24.423175811767578,1.6282117207845053,0.8246240414606376,0.05497493609737584,0.08286304339718052,5.373363240559896,6.961144002278646,5.359440612792969,0.00019999999494757503
15,5,42,256,0.01,80000,0,0.3053382555643717,0.29287465413411456,24.423175811767578,1.6282117207845053,0.8435139948928914,0.05623426632619276,0.08412237362599745,5.27658437093099,6.961144002278646,5.359440612792969,0.00039999998989515007
15,5,42,256,0.01,85000,0,0.3051725387573242,0.293618901570638,24.423175811767578,1.6282117207845053,0.829800956702897,0.055320063780193135,0.08320817107999783,5.287819417317708,6.961144002278646,5.359440612792969,0.0
15,5,42,256,0.01,90000,0,0.3047748883565267,0.30137831370035806,24.423175811767578,1.6282117207845053,0.7968954522489113,0.053126363483260754,0.08101447078306544,5.325980122884115,6.961144002278646,5.359440612792969,0.0
15,5,42,256,0.01,95000,0,0.30586172739664713,0.2819226582845052,24.423175811767578,1.6282117207845053,0.8868312018513826,0.059122080123425506,0.0870101874232302,5.294549051920573,6.961144002278646,5.359440612792969,0.0
15,5,42,256,0.01,100000,0,0.3050868988037109,0.2828420639038086,24.423175811767578,1.6282117207845053,0.8227142648011423,0.05484761765340949,0.08273572495321417,5.309857177734375,6.961144002278646,5.359440612792969,0.00019999999494757503
15,5,42,256,0.01,105000,0,0.30646130243937175,0.28357280095418297,24.423175811767578,1.6282117207845053,0.9364459368027447,0.06242972912018298,0.09031783641998767,5.286959330240886,6.961144002278646,5.359440612792969,0.00019999999494757503
15,5,42,256,0.01,110000,0,0.3077842712402344,0.283517583211263,24.423175811767578,1.6282117207845053,1.0459213847891107,0.06972809231927404,0.09761619961907873,5.291241963704427,6.961144002278646,5.359440612792969,0.0
15,5,42,256,0.01,115000,0,0.30771684646606445,0.2723615328470866,24.423175811767578,1.6282117207845053,1.040341995953323,0.06935613306355487,0.09724424036335956,5.218491617838541,6.961144002278646,5.359440612792969,0.00019999999494757503
15,5,42,256,0.01,120000,0,0.3070046106974284,0.28260348637898763,24.423175811767578,1.6282117207845053,0.9814046046917078,0.06542697364611386,0.09331508094591853,5.210106404622396,6.961144002278646,5.359440612792969,0.0
15,5,42,256,0.01,125000,0,0.30732895533243815,0.2850602149963379,24.423175811767578,1.6282117207845053,1.0082440692327594,0.06721627128218396,0.09510437858198866,5.23775380452474,6.961144002278646,5.359440612792969,0.0007999999797903001
15,5,42,256,0.01,130000,0,0.30795087814331057,0.2721954345703125,24.423175811767578,1.6282117207845053,1.0597080782772679,0.07064720521848453,0.09853531251828922,5.288822428385417,6.961144002278646,5.359440612792969,0.00019999999494757503
15,5,42,256,0.01,135000,0,0.308489990234375,0.2689601580301921,24.423175811767578,1.6282117207845053,1.104319514046324,0.0736213009364216,0.10150940823622628,5.23707021077474,6.961144002278646,5.359440612792969,0.00019999999494757503
15,5,42,256,0.01,140000,0,0.30956211090087893,0.26637326876322426,24.423175811767578,1.6282117207845053,1.1930373206827518,0.07953582137885012,0.10742392867865481,5.243293762207031,6.961144002278646,5.359440612792969,0.00019999999494757503
15,5,42,256,0.01,145000,0,0.3104222297668457,0.2778498967488607,24.423175811767578,1.6282117207845053,1.2642120136247499,0.08428080090831666,0.11216890820812135,5.237641906738281,6.961144002278646,5.359440612792969,0.00039999998989515007
15,5,42,256,0.01,150000,0,0.3109501838684082,0.2738897959391276,24.423175811767578,1.6282117207845053,1.3079001276204139,0.08719334184136092,0.11508144914116561,5.22348378499349,6.961144002278646,5.359440612792969,0.00039999998989515007
15,5,42,256,0.01,155000,0,0.3111743927001953,0.2703059196472168,24.423175811767578,1.6282117207845053,1.3264533711182125,0.08843022474121416,0.11631833204101885,5.198784891764323,6.961144002278646,5.359440612792969,0.00039999998989515007
15,5,42,256,0.01,160000,0,0.3122708320617676,0.28330863316853844,24.423175811767578,1.6282117207845053,1.4171835457222883,0.09447890304815255,0.12236701034795724,5.189821370442709,6.961144002278646,5.359440612792969,0.00039999998989515007
15,5,42,256,0.01,165000,0,0.3133137067159017,0.27248833974202474,24.423175811767578,1.6282117207845053,1.5034812497048158,0.10023208331365438,0.12812019061345908,5.127061971028646,6.961144002278646,5.359440612792969,0.00019999999494757503
15,5,42,256,0.01,170000,0,0.31221253077189126,0.2792787551879883,24.423175811767578,1.6282117207845053,1.41235912369266,0.09415727491284401,0.12204538221264868,5.158582560221354,6.961144002278646,5.359440612792969,0.00019999999494757503
15,5,42,256,0.01,175000,0,0.3130021095275879,0.2808302561442057,24.423175811767578,1.6282117207845053,1.4776966342553024,0.09851310895035349,0.12640121625015818,5.216501871744792,6.961144002278646,5.359440612792969,0.00039999998989515007
15,5,42,256,0.01,180000,0,0.31426655451456703,0.26656707127888996,24.423175811767578,1.6282117207845053,1.582329246387502,0.10548861642583347,0.13337672372563816,5.131315612792969,6.961144002278646,5.359440612792969,0.00019999999494757503
15,5,42,256,0.01,185000,0,0.314722220102946,0.2825471560160319,24.423175811767578,1.6282117207845053,1.6200354979538467,0.10800236653025645,0.13589047383006114,5.114152018229166,6.961144002278646,5.359440612792969,0.0006000000284984708
15,5,42,256,0.01,190000,0,0.315089480082194,0.2720506985982259,24.423175811767578,1.6282117207845053,1.650426200084862,0.1100284133389908,0.13791652063879548,5.147641499837239,6.961144002278646,5.359440612792969,0.0
15,5,42,256,0.01,195000,0,0.3158001263936361,0.27781718571980796,24.423175811767578,1.6282117207845053,1.7092320640283312,0.11394880426855541,0.1418369115683601,5.2000066121419275,6.961144002278646,5.359440612792969,0.00019999999494757503
15,5,42,256,0.01,200000,0,0.31751782099405923,0.26981029510498045,24.423175811767578,1.6282117207845053,1.8513710062032906,0.12342473374688605,0.15131284104669074,5.09493153889974,6.961144002278646,5.359440612792969,0.00019999999494757503
15,5,42,256,0.01,205000,0,0.316542911529541,0.2805177688598633,24.423175811767578,1.6282117207845053,1.7706974103447273,0.11804649402298181,0.14593460132278652,5.171650187174479,6.961144002278646,5.359440612792969,0.00019999999494757503
15,5,42,256,0.01,210000,0,0.3181097348531087,0.2585158348083496,24.423175811767578,1.6282117207845053,1.9003517794811877,0.12669011863207919,0.15457822593188386,5.120164489746093,6.961144002278646,5.359440612792969,0.00019999999494757503
15,5,42,256,0.01,215000,0,0.3169069290161133,0.2655582110087077,24.423175811767578,1.6282117207845053,1.8008197967467225,0.12005465311644817,0.14794276041625284,5.200480143229167,6.961144002278646,5.359440612792969,0.00039999998989515007
15,5,42,256,0.01,220000,0,0.3176197687784831,0.27210474014282227,24.423175811767578,1.6282117207845053,1.8598071683892314,0.1239871445592821,0.1518752518590868,5.1647181193033855,6.961144002278646,5.359440612792969,0.00039999998989515007
15,5,42,256,0.01,225000,0,0.32139434814453127,0.2656925996144613,24.423175811767578,1.6282117207845053,2.1721529824316974,0.14481019882877982,0.17269830612858453,5.055757141113281,6.961144002278646,5.359440612792969,0.0006000000284984708
15,5,42,256,0.01,230000,0,0.32087777455647787,0.26939732233683267,24.423175811767578,1.6282117207845053,2.1294066040339636,0.1419604402689309,0.1698485475687356,5.1305394490559895,6.961144002278646,5.359440612792969,0.00019999999494757503
15,5,42,256,0.01,235000,0,0.32236903508504233,0.2688376108805339,24.423175811767578,1.6282117207845053,2.2528081644657227,0.1501872109643815,0.1780753182641862,5.068001810709635,6.961144002278646,5.359440612792969,0.0
15,5,42,256,0.01,240000,0,0.32180773417154945,0.26239217122395836,24.423175811767578,1.6282117207845053,2.2063606073353377,0.14709070715568917,0.17497881445549388,5.057057698567708,6.961144002278646,5.359440612792969,0.00039999998989515007
15,5,42,256,0.01,245000,0,0.32175591786702473,0.2772221565246582,24.423175811767578,1.6282117207845053,2.2020728167637493,0.14680485445091662,0.1746929617507213,5.127439880371094,6.961144002278646,5.359440612792969,0.00039999998989515007
15,5,42,256,0.01,250000,0,0.3242756207784017,0.2778323173522949,24.423175811767578,1.6282117207845053,2.4105778131292617,0.1607051875419508,0.18859329484175547,5.138245646158854,6.961144002278646,5.359440612792969,0.00019999999494757503
15,5,42,256,0.01,255000,0,0.323219362894694,0.25437987645467125,24.423175811767578,1.6282117207845053,2.3231726491279368,0.15487817660852912,0.1827662839083338,5.196875508626302,6.961144002278646,5.359440612792969,0.0007999999797903001
15,5,42,256,0.01,260000,0,0.32488663991292316,0.26561646461486815,24.423175811767578,1.6282117207845053,2.4611395447712816,0.16407596965141877,0.19196407695122347,5.120514424641927,6.961144002278646,5.359440612792969,0.00039999998989515007
15,5,42,256,0.01,265000,0,0.3258907953898112,0.2663264751434326,24.423175811767578,1.6282117207845053,2.544233243283749,0.16961554955224992,0.19750365685205462,5.097820027669271,6.961144002278646,5.359440612792969,0.0012000000569969416
15,5,42,256,0.01,270000,0,0.329163392384847,0.2549072265625,24.423175811767578,1.6282117207845053,2.815040099709069,0.18766933998060462,0.2155574472804093,5.045176696777344,6.961144002278646,5.359440612792969,0.0006000000284984708
15,5,42,256,0.01,275000,0,0.32785040537516275,0.2658199469248454,24.423175811767578,1.6282117207845053,2.706390643280667,0.18042604288537778,0.20831415018518248,5.163067118326823,6.961144002278646,5.359440612792969,0.0007999999797903001
15,5,42,256,0.01,280000,0,0.33092835744222004,0.2611448129018148,24.423175811767578,1.6282117207845053,2.96109066432572,0.19740604428838135,0.22529415158818603,5.080465698242188,6.961144002278646,5.359440612792969,0.0017999999690800905
15,5,42,256,0.01,285000,0,0.32925017674763996,0.25526448885599773,24.423175811767578,1.6282117207845053,2.8222214912798904,0.18814809941865937,0.21603620671846405,5.110576375325521,6.961144002278646,5.359440612792969,0.00039999998989515007
15,5,42,256,0.01,290000,0,0.32967844009399416,0.2629971186319987,24.423175811767578,1.6282117207845053,2.8576602118813845,0.1905106807920923,0.218398788091897,5.127909342447917,6.961144002278646,5.359440612792969,0.00139999995008111
15,5,42,256,0.01,295000,0,0.3335065205891927,0.2556065241495768,24.423175811767578,1.6282117207845053,3.1744332354526748,0.21162888236351166,0.23951698966331633,5.097316487630208,6.961144002278646,5.359440612792969,0.0010000000474974513
15,5,42,256,0.01,300000,1,0.3334859212239583,0.2669198671976725,24.423175811767578,1.6282117207845053,3.1727286414094884,0.21151524276063255,0.23940335006043725,5.079206339518229,6.961144002278646,5.359440612792969,0.0007999999797903001
20,5,42,256,0.01,1,0,1.0118948936462402,0.9666004180908203,24.43264389038086,1.221632194519043,87.21286805699941,4.360643402849971,4.379532830035029,7.147824096679687,4.6453369140625,3.4174072265625,0.0
20,5,42,256,0.01,5000,0,0.2438453197479248,0.24357130527496337,24.43264389038086,1.221632194519043,2.4715689188472574,0.12357844594236286,0.14246787312742146,3.512239456176758,4.6453369140625,3.4174072265625,0.0
20,5,42,256,0.01,10000,0,0.23402438163757325,0.22630584239959717,24.43264389038086,1.221632194519043,1.3879942610260656,0.06939971305130328,0.08828914023636188,3.6944225311279295,4.6453369140625,3.4174072265625,0.0
20,5,42,256,0.01,15000,0,0.23334114551544188,0.22987542152404786,24.43264389038086,1.221632194519043,1.3126106939033662,0.0656305346951683,0.0845199618802269,3.6689598083496096,4.6453369140625,3.4174072265625,0.0
20,5,42,256,0.01,20000,0,0.23125200271606444,0.22124087810516357,24.43264389038086,1.221632194519043,1.082109068850972,0.0541054534425486,0.0729948806276072,3.6397636413574217,4.6453369140625,3.4174072265625,0.0
20,5,42,256,0.01,25000,0,0.2307129144668579,0.214182448387146,24.43264389038086,1.221632194519043,1.0226297850385961,0.051131489251929806,0.0700209164369884,3.6159191131591797,4.6453369140625,3.4174072265625,0.00019999999494757503
20,5,42,256,0.01,30000,0,0.22985193729400635,0.214845609664917,24.43264389038086,1.221632194519043,0.9276354947801977,0.04638177473900988,0.06527120192406848,3.600199890136719,4.6453369140625,3.4174072265625,0.0
20,5,42,256,0.01,35000,0,0.2301774263381958,0.2185204267501831,24.43264389038086,1.221632194519043,0.9635477137270207,0.048177385686351035,0.06706681287140963,3.562275695800781,4.6453369140625,3.4174072265625,0.00019999999494757503
20,5,42,256,0.01,40000,0,0.2293416976928711,0.22557032108306885,24.43264389038086,1.221632194519043,0.8713391720669748,0.043566958603348735,0.06245638578840733,3.5664436340332033,4.6453369140625,3.4174072265625,0.0
20,5,42,256,0.01,45000,0,0.22974760532379152,0.21913487911224366,24.43264389038086,1.221632194519043,0.9161242238959844,0.04580621119479922,0.06469563837985781,3.540434646606445,4.6453369140625,3.4174072265625,0.0
20,5,42,256,0.01,50000,0,0.23009960651397704,0.2183168649673462,24.43264389038086,1.221632194519043,0.9549616103983922,0.04774808051991961,0.0666375077049782,3.507366943359375,4.6453369140625,3.4174072265625,0.0
20,5,42,256,0.01,55000,0,0.22885942459106445,0.22011227607727052,24.43264389038086,1.221632194519043,0.8181284802374726,0.04090642401187363,0.059795851196932225,3.48450927734375,4.6453369140625,3.4174072265625,0.0
20,5,42,256,0.01,60000,0,0.22885456085205078,0.2218010425567627,24.43264389038086,1.221632194519043,0.8175918487794362,0.04087959243897181,0.0597690196240304,3.489557647705078,4.6453369140625,3.4174072265625,0.0
20,5,42,256,0.01,65000,0,0.22909324169158934,0.20751941204071045,24.43264389038086,1.221632194519043,0.8439262484188035,0.04219631242094017,0.061085739605998765,3.485646057128906,4.6453369140625,3.4174072265625,0.0
20,5,42,256,0.01,70000,0,0.22914705276489258,0.20793211460113525,24.43264389038086,1.221632194519043,0.8498633915599534,0.04249316957799767,0.06138259676305626,3.4522274017333983,4.6453369140625,3.4174072265625,0.0
20,5,42,256,0.01,75000,0,0.2278994083404541,0.21502408981323243,24.43264389038086,1.221632194519043,0.7122069003874358,0.03561034501937179,0.054499772204430384,3.4546733856201173,4.6453369140625,3.4174072265625,0.0
20,5,42,256,0.01,80000,0,0.22944042682647706,0.21966805458068847,24.43264389038086,1.221632194519043,0.8822322645558955,0.04411161322779478,0.06300104041285337,3.459865951538086,4.6453369140625,3.4174072265625,0.0
20,5,42,256,0.01,85000,0,0.2288193941116333,0.21675851345062255,24.43264389038086,1.221632194519043,0.8137117928941038,0.040685589644705186,0.05957501682976378,3.4451370239257812,4.6453369140625,3.4174072265625,0.0
20,5,42,256,0.01,90000,0,0.2289139747619629,0.22159802913665771,24.43264389038086,1.221632194519043,0.8241471703158751,0.041207358515793754,0.06009678570085235,3.452213668823242,4.6453369140625,3.4174072265625,0.0
20,5,42,256,0.01,95000,0,0.22916884422302247,0.2245964765548706,24.43264389038086,1.221632194519043,0.8522677109356778,0.042613385546783886,0.06150281273184248,3.4564510345458985,4.6453369140625,3.4174072265625,0.0
20,5,42,256,0.01,100000,0,0.2288504123687744,0.21801278591156006,24.43264389038086,1.221632194519043,0.8171341337122833,0.04085670668561416,0.059746133870672756,3.4362323760986326,4.6453369140625,3.4174072265625,0.0
20,5,42,256,0.01,105000,0,0.22915999889373778,0.21808578968048095,24.43264389038086,1.221632194519043,0.8512917782350264,0.04256458891175132,0.061454016096809914,3.4258914947509767,4.6453369140625,3.4174072265625,0.0
20,5,42,256,0.01,110000,0,0.22887876033782958,0.21937105655670167,24.43264389038086,1.221632194519043,0.820261853337815,0.04101309266689075,0.059902519851949346,3.3969093322753907,4.6453369140625,3.4174072265625,0.0
20,5,42,256,0.01,115000,0,0.22991588115692138,0.2217620849609375,24.43264389038086,1.221632194519043,0.9346906201255969,0.04673453100627985,0.06562395819133844,3.4000110626220703,4.6453369140625,3.4174072265625,0.0
20,5,42,256,0.01,120000,0,0.22916872501373292,0.21979424953460694,24.43264389038086,1.221632194519043,0.8522545582038603,0.042612727910193014,0.06150215509525161,3.4131107330322266,4.6453369140625,3.4174072265625,0.0
20,5,42,256,0.01,125000,0,0.2305459499359131,0.22554192543029786,24.43264389038086,1.221632194519043,1.0042080688589436,0.05021040344294718,0.06909983062800577,3.3845443725585938,4.6453369140625,3.4174072265625,0.00019999999494757503
20,5,42,256,0.01,130000,0,0.2295238971710205,0.2086693286895752,24.43264389038086,1.221632194519043,0.8914418073725408,0.04457209036862704,0.06346151755368563,3.4155719757080076,4.6453369140625,3.4174072265625,0.0
20,5,42,256,0.01,135000,0,0.229788875579834,0.21990487575531006,24.43264389038086,1.221632194519043,0.920677699650227,0.046033884982511354,0.06492331216756994,3.3941204071044924,4.6453369140625,3.4174072265625,0.0
20,5,42,256,0.01,140000,0,0.22988407611846923,0.21566224098205566,24.43264389038086,1.221632194519043,0.9311814712774371,0.04655907356387186,0.06544850074893045,3.4205245971679688,4.6453369140625,3.4174072265625,0.0
20,5,42,256,0.01,145000,0,0.23087682723999023,0.20604524612426758,24.43264389038086,1.221632194519043,1.04071479128379,0.0520357395641895,0.07092516674924809,3.387059783935547,4.6453369140625,3.4174072265625,0.0
20,5,42,256,0.01,150000,0,0.23116962909698485,0.2169046640396118,24.43264389038086,1.221632194519043,1.0730205311670247,0.05365102655835123,0.07254045374340982,3.3880638122558593,4.6453369140625,3.4174072265625,0.0
20,5,42,256,0.01,155000,0,0.23091609477996827,0.22276089191436768,24.43264389038086,1.221632194519043,1.0450473011435477,0.05225236505717738,0.07114179224223598,3.380296325683594,4.6453369140625,3.4174072265625,0.0
20,5,42,256,0.01,160000,0,0.23206655979156493,0.21476914882659912,24.43264389038086,1.221632194519043,1.1719816853407323,0.05859908426703662,0.0774885114520952,3.383078765869141,4.6453369140625,3.4174072265625,0.0
20,5,42,256,0.01,165000,0,0.23056442737579347,0.21225733757019044,24.43264389038086,1.221632194519043,1.0062467422902195,0.050312337114510976,0.06920176429956956,3.3873012542724608,4.6453369140625,3.4174072265625,0.0
20,5,42,256,0.01,170000,0,0.2318495750427246,0.20004665851593018,24.43264389038086,1.221632194519043,1.1480410828916376,0.05740205414458188,0.07629148132964048,3.3608097076416015,4.6453369140625,3.4174072265625,0.00019999999494757503
20,5,42,256,0.01,175000,0,0.2322920083999634,0.2069857120513916,24.43264389038086,1.221632194519043,1.1968561317486675,0.05984280658743337,0.07873223377249197,3.342243194580078,4.6453369140625,3.4174072265625,0.0
20,5,42,256,0.01,180000,0,0.23216400146484376,0.19986774921417236,24.43264389038086,1.221632194519043,1.1827327283260551,0.059136636416302756,0.07802606360136136,3.321622848510742,4.6453369140625,3.4174072265625,0.0
20,5,42,256,0.01,185000,0,0.23187429904937745,0.2139141321182251,24.43264389038086,1.221632194519043,1.1507689594700032,0.05753844797350016,0.07642787515855876,3.3479892730712892,4.6453369140625,3.4174072265625,0.0
20,5,42,256,0.01,190000,0,0.23278396129608153,0.21457960605621337,24.43264389038086,1.221632194519043,1.2511348254015182,0.0625567412700759,0.0814461684551345,3.3649307250976563,4.6453369140625,3.4174072265625,0.0
20,5,42,256,0.01,195000,0,0.23324263095855713,0.21398837566375734,24.43264389038086,1.221632194519043,1.301741276331711,0.06508706381658555,0.08397649100164414,3.327692413330078,4.6453369140625,3.4174072265625,0.00019999999494757503
20,5,42,256,0.01,200000,0,0.23283040523529053,0.20031898021697997,24.43264389038086,1.221632194519043,1.256259129716522,0.0628129564858261,0.0817023836708847,3.3473178863525392,4.6453369140625,3.4174072265625,0.0
20,5,42,256,0.01,205000,0,0.23238131999969483,0.1978050947189331,24.43264389038086,1.221632194519043,1.2067101584242295,0.06033550792121147,0.07922493510627007,3.354827880859375,4.6453369140625,3.4174072265625,0.0
20,5,42,256,0.01,210000,0,0.2335519790649414,0.20707228183746337,24.43264389038086,1.221632194519043,1.335872615390823,0.06679363076954115,0.08568305795459974,3.330527114868164,4.6453369140625,3.4174072265625,0.00039999998989515007
20,5,42,256,0.01,215000,0,0.23367016315460204,0.21643126010894775,24.43264389038086,1.221632194519043,1.3489122337119035,0.06744561168559518,0.08633503887065377,3.3335006713867186,4.6453369140625,3.4174072265625,0.0
20,5,42,256,0.01,220000,0,0.2339167833328247,0.21260337829589843,24.43264389038086,1.221632194519043,1.3761226052901279,0.0688061302645064,0.08769555744956499,3.327808380126953,4.6453369140625,3.4174072265625,0.0
20,5,42,256,0.01,225000,0,0.2340533971786499,0.20282671451568604,24.43264389038086,1.221632194519043,1.3911956359497601,0.06955978179748801,0.0884492089825466,3.3515087127685548,4.6453369140625,3.4174072265625,0.00019999999494757503
20,5,42,256,0.01,230000,0,0.23379077911376953,0.216574764251709,24.43264389038086,1.221632194519043,1.362220167762004,0.0681110083881002,0.0870004355731588,3.3452720642089844,4.6453369140625,3.4174072265625,0.0
20,5,42,256,0.01,235000,0,0.23418242931365968,0.20851328372955322,24.43264389038086,1.221632194519043,1.405432152865977,0.07027160764329884,0.08916103482835744,3.3403545379638673,4.6453369140625,3.4174072265625,0.0
20,5,42,256,0.01,240000,0,0.23538615703582763,0.20919904708862305,24.43264389038086,1.221632194519043,1.5382431776379626,0.07691215888189813,0.09580158606695673,3.3184463500976564,4.6453369140625,3.4174072265625,0.00039999998989515007
20,5,42,256,0.01,245000,0,0.23485243320465088,0.21111690998077393,24.43264389038086,1.221632194519043,1.4793557667572443,0.07396778833786222,0.09285721552292081,3.3501220703125,4.6453369140625,3.4174072265625,0.0
20,5,42,256,0.01,250000,0,0.23574321269989013,0.20327072143554686,24.43264389038086,1.221632194519043,1.577638239969314,0.0788819119984657,0.09777133918352429,3.3118011474609377,4.6453369140625,3.4174072265625,0.0
20,5,42,256,0.01,255000,0,0.23546385765075684,0.20618669986724852,24.43264389038086,1.221632194519043,1.5468161282347772,0.07734080641173886,0.09623023359679746,3.3279178619384764,4.6453369140625,3.4174072265625,0.0
20,5,42,256,0.01,260000,0,0.23642125129699706,0.2139690637588501,24.43264389038086,1.221632194519043,1.652448347984894,0.0826224173992447,0.10151184458430329,3.279938507080078,4.6453369140625,3.4174072265625,0.00019999999494757503
20,5,42,256,0.01,265000,0,0.23637745380401612,0.1995123028755188,24.43264389038086,1.221632194519043,1.6476160343161759,0.08238080171580879,0.10127022890086738,3.329631042480469,4.6453369140625,3.4174072265625,0.0
20,5,42,256,0.01,270000,0,0.23614873886108398,0.2100982427597046,24.43264389038086,1.221632194519043,1.6223812030565163,0.08111906015282581,0.10000848733788441,3.347310256958008,4.6453369140625,3.4174072265625,0.00019999999494757503
20,5,42,256,0.01,275000,0,0.2372058153152466,0.20601341724395753,24.43264389038086,1.221632194519043,1.7390117371500757,0.08695058685750379,0.10584001404256238,3.309123992919922,4.6453369140625,3.4174072265625,0.00019999999494757503
20,5,42,256,0.01,280000,0,0.23626375198364258,0.2069338083267212,24.43264389038086,1.221632194519043,1.635070958711328,0.0817535479355664,0.10064297512062499,3.349092483520508,4.6453369140625,3.4174072265625,0.0
20,5,42,256,0.01,285000,0,0.23754394054412842,0.20415866374969482,24.43264389038086,1.221632194519043,1.7763181456692543,0.08881590728346271,0.1077053344685213,3.2974109649658203,4.6453369140625,3.4174072265625,0.0
20,5,42,256,0.01,290000,0,0.23734097480773925,0.2056755781173706,24.43264389038086,1.221632194519043,1.7539243044815684,0.08769621522407842,0.10658564240913701,3.3318119049072266,4.6453369140625,3.4174072265625,0.0
20,5,42,256,0.01,295000,0,0.2376960039138794,0.21286356449127197,24.43264389038086,1.221632194519043,1.7930957703720694,0.08965478851860346,0.10854421570366206,3.2806591033935546,4.6453369140625,3.4174072265625,0.00019999999494757503
20,5,42,256,0.01,300000,1,0.2386464834213257,0.1969933271408081,24.43264389038086,1.221632194519043,1.8979651316769335,0.09489825658384668,0.11378768376890527,3.287118911743164,4.6453369140625,3.4174072265625,0.00039999998989515007
30,5,42,256,0.01,1,0,1.0117271423339844,1.0090382893880208,24.426029205322266,0.8142009735107422,143.0144759294337,4.76714919764779,4.779911839554528,7.306886800130209,3.7098065694173177,2.890905253092448,0.0
30,5,42,256,0.01,5000,0,0.23122509320576987,0.2362024943033854,24.426029205322266,0.8142009735107422,13.841646718533028,0.4613882239511009,0.4741508658578392,3.134485371907552,3.7098065694173177,2.890905253092448,0.0
30,5,42,256,0.01,10000,0,0.16095336278279623,0.15124003092447916,24.426029205322266,0.8142009735107422,2.2116987351548367,0.0737232911718279,0.08648593307856617,3.199738057454427,3.7098065694173177,2.890905253092448,0.0
30,5,42,256,0.01,15000,0,0.15920621554056805,0.15321256319681803,24.426029205322266,0.8142009735107422,1.9225464483943888,0.0640848816131463,0.07684752351988458,3.1854527791341147,3.7098065694173177,2.890905253092448,0.0
30,5,42,256,0.01,20000,0,0.15893335342407228,0.1552276611328125,24.426029205322266,0.8142009735107422,1.8773878589818445,0.06257959529939482,0.0753422372061331,3.1630566914876304,3.7098065694173177,2.890905253092448,0.0
30,5,42,256,0.01,25000,0,0.15763929684956868,0.15067955652872722,24.426029205322266,0.8142009735107422,1.663221926843292,0.0554407308947764,0.06820337280151469,3.147624715169271,3.7098065694173177,2.890905253092448,0.0
30,5,42,256,0.01,30000,0,0.15712388356526694,0.15058105786641438,24.426029205322266,0.8142009735107422,1.5779211999323195,0.052597373331077314,0.0653600152378156,3.1191970825195314,3.7098065694173177,2.890905253092448,0.0
30,5,42,256,0.01,35000,0,0.1564430554707845,0.1523346741994222,24.426029205322266,0.8142009735107422,1.4652443770222554,0.04884147923407518,0.06160412114081346,3.106701405843099,3.7098065694173177,2.890905253092448,0.0
30,5,42,256,0.01,40000,0,0.15523476600646974,0.15114930470784504,24.426029205322266,0.8142009735107422,1.2652728730581124,0.042175762435270416,0.054938404342008695,3.089319610595703,3.7098065694173177,2.890905253092448,0.0
30,5,42,256,0.01,45000,0,0.15698072115580242,0.14575279553731282,24.426029205322266,0.8142009735107422,1.5542278688413411,0.051807595628044704,0.06457023753478298,3.0780916849772137,3.7098065694173177,2.890905253092448,0.0
30,5,42,256,0.01,50000,0,0.15431747436523438,0.1538719654083252,24.426029205322266,0.8142009735107422,1.1134614119066306,0.037115380396887686,0.049878022303625966,3.0733126322428386,3.7098065694173177,2.890905253092448,0.0
30,5,42,256,0.01,55000,0,0.15378238360087076,0.15163049697875977,24.426029205322266,0.8142009735107422,1.0249040685983424,0.03416346895327808,0.046926110860016364,3.05938720703125,3.7098065694173177,2.890905253092448,0.0
30,5,42,256,0.01,60000,0,0.15383731524149577,0.15117608706156413,24.426029205322266,0.8142009735107422,1.0339952368286518,0.034466507894288394,0.047229149801026674,3.049281056722005,3.7098065694173177,2.890905253092448,0.0
30,5,42,256,0.01,65000,0,0.15414148966471355,0.1484598954518636,24.426029205322266,0.8142009735107422,1.0843360025761868,0.036144533419206225,0.048907175325944505,3.033546956380208,3.7098065694173177,2.890905253092448,0.0
30,5,42,256,0.01,70000,0,0.15357723236083984,0.1581882953643799,24.426029205322266,0.8142009735107422,0.9909516066919082,0.0330317202230636,0.04579436212980189,3.034956614176432,3.7098065694173177,2.890905253092448,0.0
30,5,42,256,0.01,75000,0,0.15354235967000326,0.15734516779581706,24.426029205322266,0.8142009735107422,0.985180187971622,0.032839339599054065,0.045601981505792345,3.0221544901529946,3.7098065694173177,2.890905253092448,0.0
30,5,42,256,0.01,80000,0,0.15348622004191081,0.14802625974019368,24.426029205322266,0.8142009735107422,0.9758890982177277,0.03252963660725759,0.04529227851399587,3.0142288208007812,3.7098065694173177,2.890905253092448,0.0
30,5,42,256,0.01,85000,0,0.1531066099802653,0.14582688013712566,24.426029205322266,0.8142009735107422,0.9130637594316937,0.030435458647723124,0.043198100554461404,3.0077534993489583,3.7098065694173177,2.890905253092448,0.0
30,5,42,256,0.01,90000,0,0.15354235967000326,0.14439965883890787,24.426029205322266,0.8142009735107422,0.985180187971622,0.032839339599054065,0.045601981505792345,3.0066268920898436,3.7098065694173177,2.890905253092448,0.0
30,5,42,256,0.01,95000,0,0.1529733975728353,0.14476331075032553,24.426029205322266,0.8142009735107422,0.8910171503639148,0.02970057167879716,0.04246321358553544,3.0049339294433595,3.7098065694173177,2.890905253092448,0.0
30,5,42,256,0.01,100000,0,0.15244015057881674,0.14737555185953777,24.426029205322266,0.8142009735107422,0.8027649504337262,0.026758831681124206,0.03952147358786249,2.9898353576660157,3.7098065694173177,2.890905253092448,0.0
30,5,42,256,0.01,105000,0,0.1538067658742269,0.1512240727742513,24.426029205322266,0.8142009735107422,1.0289393267190867,0.03429797755730289,0.04706061946404117,3.0005114237467447,3.7098065694173177,2.890905253092448,0.0
30,5,42,256,0.01,110000,0,0.15348577499389648,0.1529049237569173,24.426029205322266,0.8142009735107422,0.9758154429195649,0.03252718143065216,0.04528982333739044,2.9859998067220053,3.7098065694173177,2.890905253092448,0.0
30,5,42,256,0.01,115000,0,0.15235761006673176,0.1581055800120036,24.426029205322266,0.8142009735107422,0.789104523170991,0.0263034841056997,0.03906612601243798,2.9885737101236978,3.7098065694173177,2.890905253092448,0.0
30,5,42,256,0.01,120000,0,0.15236325263977052,0.14374200503031412,24.426029205322266,0.8142009735107422,0.790038367129835,0.026334612237661165,0.03909725414439945,2.983837636311849,3.7098065694173177,2.890905253092448,0.0
30,5,42,256,0.01,125000,0,0.15261324246724448,0.14274479548136393,24.426029205322266,0.8142009735107422,0.8314116003261134,0.027713720010870448,0.04047636191760873,2.9948832194010415,3.7098065694173177,2.890905253092448,0.0
30,5,42,256,0.01,130000,0,0.15222012201944987,0.14310305913289387,24.426029205322266,0.8142009735107422,0.7663502971315843,0.025545009904386143,0.03830765181112442,2.9717979431152344,3.7098065694173177,2.890905253092448,0.0
30,5,42,256,0.01,135000,0,0.15295012791951498,0.1502628485361735,24.426029205322266,0.8142009735107422,0.8871660304885722,0.02957220101628574,0.04233484292302402,2.972214762369792,3.7098065694173177,2.890905253092448,0.0
30,5,42,256,0.01,140000,0,0.1526566505432129,0.152327299118042,24.426029205322266,0.8142009735107422,0.8385956224432967,0.027953187414776554,0.04071582932151484,2.9860750834147134,3.7098065694173177,2.890905253092448,0.0
30,5,42,256,0.01,145000,0,0.15215145746866862,0.14609909057617188,24.426029205322266,0.8142009735107422,0.7549863368436931,0.025166211228123105,0.037928853134861384,2.9931905110677084,3.7098065694173177,2.890905253092448,0.0
30,5,42,256,0.01,150000,0,0.15229945182800292,0.14200253486633302,24.426029205322266,0.8142009735107422,0.7794793540290037,0.025982645134300122,0.038745287041038405,2.9743927001953123,3.7098065694173177,2.890905253092448,0.0
30,5,42,256,0.01,155000,0,0.15337335268656413,0.1422085126241048,24.426029205322266,0.8142009735107422,0.9572095884945107,0.031906986283150356,0.044669628189888635,2.977336120605469,3.7098065694173177,2.890905253092448,0.0
30,5,42,256,0.01,160000,0,0.1518260637919108,0.14599183400472004,24.426029205322266,0.8142009735107422,0.7011337917016363,0.023371126390054543,0.03613376829679282,2.9821461995442706,3.7098065694173177,2.890905253092448,0.0
30,5,42,256,0.01,165000,0,0.15195393562316895,0.14790064493815105,24.426029205322266,0.8142009735107422,0.7222965371914682,0.024076551239715607,0.03683919314645389,2.9711573282877604,3.7098065694173177,2.890905253092448,0.0
30,5,42,256,0.01,170000,0,0.15302152633666993,0.14094133377075196,24.426029205322266,0.8142009735107422,0.8989824447508887,0.02996608149169629,0.04272872339843457,2.9766199747721354,3.7098065694173177,2.890905253092448,0.0
30,5,42,256,0.01,175000,0,0.15251283645629882,0.14169348080952962,24.426029205322266,0.8142009735107422,0.8147944389514379,0.027159814631714595,0.039922456538452875,2.9685508728027346,3.7098065694173177,2.890905253092448,0.0
30,5,42,256,0.01,180000,0,0.15251844724019367,0.14397050539652506,24.426029205322266,0.8142009735107422,0.8157230218175542,0.027190767393918472,0.03995340930065675,2.9534866333007814,3.7098065694173177,2.890905253092448,0.0
30,5,42,256,0.01,185000,0,0.15248080889383953,0.13976073265075684,24.426029205322266,0.8142009735107422,0.8094938880301186,0.026983129601003953,0.039745771507742236,2.959481048583984,3.7098065694173177,2.890905253092448,0.0
30,5,42,256,0.01,190000,0,0.15198400815327961,0.14973676999409993,24.426029205322266,0.8142009735107422,0.7272735309101463,0.024242451030338213,0.037005092937076496,2.955950164794922,3.7098065694173177,2.890905253092448,0.0
30,5,42,256,0.01,195000,0,0.15216964085896809,0.1386559804280599,24.426029205322266,0.8142009735107422,0.7579956818828926,0.025266522729429752,0.03802916463616803,2.9524388631184895,3.7098065694173177,2.890905253092448,0.0
30,5,42,256,0.01,200000,0,0.15251386960347493,0.14488962491353352,24.426029205322266,0.8142009735107422,0.8149654244650293,0.02716551414883431,0.03992815605557259,2.9369712829589845,3.7098065694173177,2.890905253092448,0.0
30,5,42,256,0.01,205000,0,0.15224294662475585,0.14220496813456218,24.426029205322266,0.8142009735107422,0.7701277617087605,0.025670925390292018,0.0384335672970303,2.9337257385253905,3.7098065694173177,2.890905253092448,0.0
30,5,42,256,0.01,210000,0,0.15222177505493165,0.14744297663370767,24.426029205322266,0.8142009735107422,0.7666238739533284,0.025554129131777615,0.0383167710385159,2.9243797302246093,3.7098065694173177,2.890905253092448,0.0
30,5,42,256,0.01,215000,0,0.15239590009053547,0.1497882843017578,24.426029205322266,0.8142009735107422,0.795441509359307,0.026514716978643566,0.03927735888538185,2.9294634501139325,3.7098065694173177,2.890905253092448,0.0
30,5,42,256,0.01,220000,0,0.1526488463083903,0.14335355758666993,24.426029205322266,0.8142009735107422,0.8373040241790939,0.02791013413930313,0.04067277604604141,2.927062479654948,3.7098065694173177,2.890905253092448,0.0
30,5,42,256,0.01,225000,0,0.15343108177185058,0.14229618708292643,24.426029205322266,0.8142009735107422,0.9667637328846972,0.03222545776282324,0.04498809966956152,2.9076271057128906,3.7098065694173177,2.890905253092448,0.0
30,5,42,256,0.01,230000,0,0.1533087412516276,0.1373659610748291,24.426029205322266,0.8142009735107422,0.9465164175291676,0.031550547250972255,0.044313189157710535,2.925467936197917,3.7098065694173177,2.890905253092448,0.0
30,5,42,256,0.01,235000,0,0.15274003346761067,0.14292728106180827,24.426029205322266,0.8142009735107422,0.8523954686632678,0.028413182288775592,0.041175824195513876,2.8967849731445314,3.7098065694173177,2.890905253092448,0.0
30,5,42,256,0.01,240000,0,0.15200252532958985,0.14123783111572266,24.426029205322266,0.8142009735107422,0.7303381174229706,0.02434460391409902,0.037107245820837305,2.9341354370117188,3.7098065694173177,2.890905253092448,0.0
30,5,42,256,0.01,245000,0,0.1520061492919922,0.1397581736246745,24.426029205322266,0.8142009735107422,0.730937881993718,0.024364596066457266,0.037127237973195545,2.9391026814778645,3.7098065694173177,2.890905253092448,0.0
30,5,42,256,0.01,250000,0,0.1525938828786214,0.14828147888183593,24.426029205322266,0.8142009735107422,0.8282075948560568,0.027606919828535227,0.04036956173527351,2.9159395853678385,3.7098065694173177,2.890905253092448,0.0
30,5,42,256,0.01,255000,0,0.15239370663960775,0.14907724062601727,24.426029205322266,0.8142009735107422,0.7950784939612241,0.026502616465374138,0.039265258372112415,2.8767723083496093,3.7098065694173177,2.890905253092448,0.00019999999494757503
30,5,42,256,0.01,260000,0,0.15285719235738118,0.14295368194580077,24.426029205322266,0.8142009735107422,0.8717852259044783,0.029059507530149277,0.04182214943688756,2.9132715861002603,3.7098065694173177,2.890905253092448,0.0
30,5,42,256,0.01,265000,0,0.15247362454732258,0.14334600766499836,24.426029205322266,0.8142009735107422,0.8083048810740721,0.026943496035802404,0.03970613794254068,2.89901123046875,3.7098065694173177,2.890905253092448,0.0
30,5,42,256,0.01,270000,0,0.15277965863545737,0.14244092305501302,24.426029205322266,0.8142009735107422,0.8589534207460687,0.028631780691535623,0.0413944225982739,2.9279553731282553,3.7098065694173177,2.890905253092448,0.0
30,5,42,256,0.01,275000,0,0.15282398859659832,0.15311411221822102,24.426029205322266,0.8142009735107422,0.8662900145523018,0.02887633381841006,0.04163897572514834,2.8921974182128904,3.7098065694173177,2.890905253092448,0.0
30,5,42,256,0.01,280000,0,0.15314075152079265,0.14793713887532553,24.426029205322266,0.8142009735107422,0.918714173019282,0.0306238057673094,0.04338644767404768,2.8988878885904947,3.7098065694173177,2.890905253092448,0.0
30,5,42,256,0.01,285000,0,0.15298147201538087,0.14243303934733073,24.426029205322266,0.8142009735107422,0.892353467916287,0.029745115597209566,0.04250775750394785,2.90189208984375,3.7098065694173177,2.890905253092448,0.0
30,5,42,256,0.01,290000,0,0.15294408798217773,0.1456329027811686,24.426029205322266,0.8142009735107422,0.8861664228706587,0.02953888076235529,0.04230152266909357,2.8620590209960937,3.7098065694173177,2.890905253092448,0.0
30,5,42,256,0.01,295000,0,0.15302643775939942,0.1421488126118978,24.426029205322266,0.8142009735107422,0.8997952835770349,0.029993176119234497,0.042755818025972774,2.8715446472167967,3.7098065694173177,2.890905253092448,0.0
30,5,42,256,0.01,300000,1,0.1532165209452311,0.14307303428649903,24.426029205322266,0.8142009735107422,0.9312539875314059,0.031041799584380195,0.04380444149111848,2.9114616394042967,3.7098065694173177,2.890905253092448,0.0
40,5,42,256,0.01,1,0,1.0129549026489257,1.002474308013916,24.015453338623047,0.6003863334655761,199.50947873872988,4.987736968468247,4.9840285582051855,7.103846740722656,3.0077863693237306,2.412136459350586,0.0
40,5,42,256,0.01,5000,0,0.28192548751831054,0.2807016849517822,24.015453338623047,0.6003863334655761,38.195979059415116,0.9548994764853779,0.9511910662223164,3.0592994689941406,3.0077863693237306,2.412136459350586,0.0
40,5,42,256,0.01,10000,0,0.13546478748321533,0.1278182625770569,24.015453338623047,0.6003863334655761,5.877049616716558,0.14692624041791397,0.14321783015485243,2.6175466537475587,3.0077863693237306,2.412136459350586,0.0
40,5,42,256,0.01,15000,0,0.12342076301574707,0.12258750200271606,24.015453338623047,0.6003863334655761,3.219340232035421,0.08048350580088552,0.076775095537824,2.7131052017211914,3.0077863693237306,2.412136459350586,0.0
40,5,42,256,0.01,20000,0,0.12193374633789063,0.12352515459060669,24.015453338623047,0.6003863334655761,2.8912058787226016,0.07228014696806503,0.06857173670500352,2.7212377548217774,3.0077863693237306,2.412136459350586,0.0
40,5,42,256,0.01,25000,0,0.1224714994430542,0.1232490062713623,24.015453338623047,0.6003863334655761,3.0098698251547127,0.07524674562886782,0.0715383353658063,2.7126754760742187,3.0077863693237306,2.412136459350586,0.0
40,5,42,256,0.01,30000,0,0.12109146118164063,0.11652171611785889,24.015453338623047,0.6003863334655761,2.705341994902895,0.06763354987257238,0.06392513960951085,2.7150455474853517,3.0077863693237306,2.412136459350586,0.0
40,5,42,256,0.01,35000,0,0.12175618410110474,0.12351033687591553,24.015453338623047,0.6003863334655761,2.852023890646649,0.07130059726616622,0.0675921870031047,2.7106744766235353,3.0077863693237306,2.412136459350586,0.0
40,5,42,256,0.01,40000,0,0.12065277099609376,0.12158669233322143,24.015453338623047,0.6003863334655761,2.6085378887467954,0.06521344721866988,0.06150503695560836,2.6870420455932615,3.0077863693237306,2.412136459350586,0.0
40,5,42,256,0.01,45000,0,0.11952972412109375,0.11953647136688232,24.015453338623047,0.6003863334655761,2.360719376987184,0.059017984424679606,0.05530957416161808,2.6855567932128905,3.0077863693237306,2.412136459350586,0.0
40,5,42,256,0.01,50000,0,0.11906061172485352,0.11698747873306274,24.015453338623047,0.6003863334655761,2.2572021165128717,0.05643005291282179,0.05272164264976027,2.6702999114990233,3.0077863693237306,2.412136459350586,0.0
40,5,42,256,0.01,55000,0,0.1190638780593872,0.1185613751411438,24.015453338623047,0.6003863334655761,2.257922886216317,0.056448072155407925,0.0527396618923464,2.658218193054199,3.0077863693237306,2.412136459350586,0.0
40,5,42,256,0.01,60000,0,0.11827694177627564,0.12204856872558593,24.015453338623047,0.6003863334655761,2.0842726291597273,0.052106815728993186,0.04839840546593166,2.6494733810424806,3.0077863693237306,2.412136459350586,0.0
40,5,42,256,0.01,65000,0,0.1182822823524475,0.11732441186904907,24.015453338623047,0.6003863334655761,2.085451113930322,0.05213627784825805,0.04842786758519653,2.6347639083862306,3.0077863693237306,2.412136459350586,0.0
40,5,42,256,0.01,70000,0,0.11768869161605836,0.12500717639923095,24.015453338623047,0.6003863334655761,1.9544656883342135,0.04886164220835534,0.04515323194529382,2.628376007080078,3.0077863693237306,2.412136459350586,0.0
40,5,42,256,0.01,75000,0,0.11700767278671265,0.11394664049148559,24.015453338623047,0.6003863334655761,1.804187835712323,0.04510469589280808,0.04139628562974655,2.6186521530151365,3.0077863693237306,2.412136459350586,0.0
40,5,42,256,0.01,80000,0,0.11666935682296753,0.11773068904876709,24.015453338623047,0.6003863334655761,1.7295329299321587,0.04323832324830397,0.039529912985242444,2.6079822540283204,3.0077863693237306,2.412136459350586,0.0
40,5,42,256,0.01,85000,0,0.11714928150177002,0.11736220121383667,24.015453338623047,0.6003863334655761,1.8354360959576574,0.045885902398941435,0.042177492135879915,2.613495635986328,3.0077863693237306,2.412136459350586,0.0
40,5,42,256,0.01,90000,0,0.11703330278396606,0.11618894338607788,24.015453338623047,0.6003863334655761,1.8098435103926391,0.04524608775981598,0.04153767749675445,2.599534606933594,3.0077863693237306,2.412136459350586,0.0
40,5,42,256,0.01,95000,0,0.11645532846450805,0.11213610172271729,24.015453338623047,0.6003863334655761,1.6823041005319794,0.042057602513299486,0.03834919225023796,2.601310920715332,3.0077863693237306,2.412136459350586,0.0
40,5,42,256,0.01,100000,0,0.11686577796936035,0.11079521179199218,24.015453338623047,0.6003863334655761,1.7728764423542813,0.044321911058857036,0.04061350079579551,2.5933563232421877,3.0077863693237306,2.412136459350586,0.0
40,5,42,256,0.01,105000,0,0.11662813425064086,0.1118177056312561,24.015453338623047,0.6003863334655761,1.7204365006091216,0.04301091251522804,0.03930250225216651,2.597187614440918,3.0077863693237306,2.412136459350586,0.0
40,5,42,256,0.01,110000,0,0.11559693813323975,0.11300984621047974,24.015453338623047,0.6003863334655761,1.4928863485759436,0.03732215871439859,0.033613748451337064,2.5960006713867188,3.0077863693237306,2.412136459350586,0.0
40,5,42,256,0.01,115000,0,0.11527982950210572,0.11338883638381958,24.015453338623047,0.6003863334655761,1.4229111847754439,0.0355727796193861,0.03186436935632457,2.56894588470459,3.0077863693237306,2.412136459350586,0.0
40,5,42,256,0.01,120000,0,0.11581985950469971,0.10957369804382325,24.015453338623047,0.6003863334655761,1.5420775655628738,0.038551939139071845,0.03484352887601032,2.58032341003418,3.0077863693237306,2.412136459350586,0.0
40,5,42,256,0.01,125000,0,0.11533406972885132,0.11854840517044067,24.015453338623047,0.6003863334655761,1.4348801707268102,0.035872004268170256,0.03216359400510873,2.563019561767578,3.0077863693237306,2.412136459350586,0.0
40,5,42,256,0.01,130000,0,0.11535153388977051,0.10927622318267823,24.015453338623047,0.6003863334655761,1.4387339211485148,0.03596834802871287,0.03225993776565135,2.5801597595214845,3.0077863693237306,2.412136459350586,0.0
40,5,42,256,0.01,135000,0,0.11546205282211304,0.11846250295639038,24.015453338623047,0.6003863334655761,1.463121716479307,0.036578042911982675,0.032869632648921156,2.568891906738281,3.0077863693237306,2.412136459350586,0.0
40,5,42,256,0.01,140000,0,0.1151357650756836,0.10902206897735596,24.015453338623047,0.6003863334655761,1.3911210319793454,0.034778025799483636,0.031069615536422113,2.571396255493164,3.0077863693237306,2.412136459350586,0.0
40,5,42,256,0.01,145000,0,0.11470285654067994,0.11723601818084717,24.015453338623047,0.6003863334655761,1.2955927408092727,0.03238981852023182,0.028681408257170294,2.5698564529418944,3.0077863693237306,2.412136459350586,0.0
40,5,42,256,0.01,150000,0,0.11488189697265624,0.11345489025115967,24.015453338623047,0.6003863334655761,1.3351009166342287,0.03337752291585572,0.029669112652794195,2.5638412475585937,3.0077863693237306,2.412136459350586,0.0
40,5,42,256,0.01,155000,0,0.11480457782745361,0.1196111798286438,24.015453338623047,0.6003863334655761,1.3180391929242177,0.03295097982310544,0.029242569560043917,2.5426502227783203,3.0077863693237306,2.412136459350586,0.0
40,5,42,256,0.01,160000,0,0.11486811637878418,0.11641595363616944,24.015453338623047,0.6003863334655761,1.3320600050386737,0.033301500125966846,0.02959308986290532,2.5515514373779298,3.0077863693237306,2.412136459350586,0.0
40,5,42,256,0.01,165000,0,0.11476792097091675,0.11556837558746338,24.015453338623047,0.6003863334655761,1.3099502628581838,0.032748756571454596,0.029040346308393073,2.5377134323120116,3.0077863693237306,2.412136459350586,0.0
40,5,42,256,0.01,170000,0,0.11466407775878906,0.11293903589248658,24.015453338623047,0.6003863334655761,1.2870355734906376,0.03217588933726594,0.028467479074204417,2.5492860794067385,3.0077863693237306,2.412136459350586,0.0
40,5,42,256,0.01,175000,0,0.11443480253219604,0.1069639801979065,24.015453338623047,0.6003863334655761,1.2364422752922621,0.030911056882306553,0.02720264661924503,2.5474390029907226,3.0077863693237306,2.412136459350586,0.0
40,5,42,256,0.01,180000,0,0.11438542604446411,0.11447676420211791,24.015453338623047,0.6003863334655761,1.2255465522569757,0.030638663806424393,0.02693025354336287,2.53918514251709,3.0077863693237306,2.412136459350586,0.0
40,5,42,256,0.01,185000,0,0.11416645050048828,0.11449593305587769,24.015453338623047,0.6003863334655761,1.177226046116175,0.029430651152904375,0.025722240889842853,2.5490331649780273,3.0077863693237306,2.412136459350586,0.0
40,5,42,256,0.01,190000,0,0.11403547525405884,0.11253283023834229,24.015453338623047,0.6003863334655761,1.1483242332265817,0.028708105830664542,0.02499969556760302,2.5350908279418944,3.0077863693237306,2.412136459350586,0.0
40,5,42,256,0.01,195000,0,0.11399846076965332,0.11255010366439819,24.015453338623047,0.6003863334655761,1.140156386769661,0.028503909669241524,0.024795499406179998,2.5368373870849608,3.0077863693237306,2.412136459350586,0.0
40,5,42,256,0.01,200000,0,0.1139643669128418,0.10744984149932861,24.015453338623047,0.6003863334655761,1.1326330241716605,0.028315825604291512,0.02460741534122999,2.5197799682617186,3.0077863693237306,2.412136459350586,0.0
40,5,42,256,0.01,205000,0,0.11393235921859741,0.11151549816131592,24.015453338623047,0.6003863334655761,1.125570007187175,0.028139250179679377,0.024430839916617854,2.532151794433594,3.0077863693237306,2.412136459350586,0.0
40,5,42,256,0.01,210000,0,0.11367616653442383,0.11477326154708863,24.015453338623047,0.6003863334655761,1.069036935301284,0.026725923382532102,0.02301751311947058,2.5237762451171877,3.0077863693237306,2.412136459350586,0.0
40,5,42,256,0.01,215000,0,0.11354070901870728,0.11250145435333252,24.015453338623047,0.6003863334655761,1.0391460369792256,0.02597865092448064,0.022270240661419118,2.521984100341797,3.0077863693237306,2.412136459350586,0.0
40,5,42,256,0.01,220000,0,0.1142542004585266,0.11144191026687622,24.015453338623047,0.6003863334655761,1.1965894978937577,0.029914737447343943,0.026206327184282417,2.5272499084472657,3.0077863693237306,2.412136459350586,0.0
40,5,42,256,0.01,225000,0,0.11361186504364014,0.11004700660705566,24.015453338623047,0.6003863334655761,1.0548477682195987,0.026371194205489966,0.022662783942428443,2.521041679382324,3.0077863693237306,2.412136459350586,0.0
40,5,42,256,0.01,230000,0,0.11354472637176513,0.10670077800750732,24.015453338623047,0.6003863334655761,1.040032531103538,0.026000813277588453,0.02229240301452693,2.511170196533203,3.0077863693237306,2.412136459350586,0.0
40,5,42,256,0.01,235000,0,0.11354660987854004,0.10971280336380004,24.015453338623047,0.6003863334655761,1.0404481574288802,0.026011203935722003,0.02230279367266048,2.5359708786010744,3.0077863693237306,2.412136459350586,0.0
40,5,42,256,0.01,240000,0,0.11345150470733642,0.1111793875694275,24.015453338623047,0.6003863334655761,1.0194616585453673,0.02548654146363418,0.02177813120057266,2.520296096801758,3.0077863693237306,2.412136459350586,0.0
40,5,42,256,0.01,245000,0,0.112990403175354,0.10881108045578003,24.015453338623047,0.6003863334655761,0.9177121252269451,0.02294280313067363,0.019234392867612103,2.5121137619018556,3.0077863693237306,2.412136459350586,0.0
40,5,42,256,0.01,250000,0,0.11324349641799927,0.11653565168380738,24.015453338623047,0.6003863334655761,0.9735612550584705,0.02433903137646176,0.02063062111340024,2.5117424011230467,3.0077863693237306,2.412136459350586,0.0
40,5,42,256,0.01,255000,0,0.11316338777542115,0.11181188821792602,24.015453338623047,0.6003863334655761,0.955883983499529,0.023897099587488223,0.0201886893244267,2.5243204116821287,3.0077863693237306,2.412136459350586,0.0
40,5,42,256,0.01,260000,0,0.11323871612548828,0.11743117570877075,24.015453338623047,0.6003863334655761,0.9725064059669322,0.024312660149173305,0.02060424988611178,2.5038883209228517,3.0077863693237306,2.412136459350586,0.0
40,5,42,256,0.01,265000,0,0.11300673484802246,0.10665539503097535,24.015453338623047,0.6003863334655761,0.9213159737441678,0.023032899343604196,0.019324489080542673,2.5217681884765626,3.0077863693237306,2.412136459350586,0.0
40,5,42,256,0.01,270000,0,0.1136946439743042,0.10898768901824951,24.015453338623047,0.6003863334655761,1.0731142821638393,0.02682785705409598,0.02311944679103446,2.5074831008911134,3.0077863693237306,2.412136459350586,0.0
40,5,42,256,0.01,275000,0,0.11309269666671753,0.10742002725601196,24.015453338623047,0.6003863334655761,0.9402848435673121,0.023507121089182802,0.01979871082612128,2.521979331970215,3.0077863693237306,2.412136459350586,0.0
40,5,42,256,0.01,280000,0,0.11346275806427002,0.11329078674316406,24.015453338623047,0.6003863334655761,1.0219448943119787,0.025548622357799467,0.021840212094737944,2.4985837936401367,3.0077863693237306,2.412136459350586,0.0
40,5,42,256,0.01,285000,0,0.11328703165054321,0.11196681261062622,24.015453338623047,0.6003863334655761,0.9831680103759162,0.024579200259397905,0.020870789996336382,2.5062198638916016,3.0077863693237306,2.412136459350586,0.0
40,5,42,256,0.01,290000,0,0.11275207996368408,0.10614827871322632,24.015453338623047,0.6003863334655761,0.8651222423391012,0.021628056058477528,0.017919645795416005,2.5057472229003905,3.0077863693237306,2.412136459350586,0.0
40,5,42,256,0.01,295000,0,0.11294697523117066,0.11593629121780395,24.015453338623047,0.6003863334655761,0.9081290448267652,0.022703226120669127,0.018994815857607605,2.510463523864746,3.0077863693237306,2.412136459350586,0.0
40,5,42,256,0.01,300000,1,0.11317627429962158,0.11330292224884034,24.015453338623047,0.6003863334655761,0.9587276041178647,0.023968190102946617,0.020259779839885094,2.5067626953125,3.0077863693237306,2.412136459350586,0.0
5,5,42,256,0.01,1,0,1.0078727722167968,0.9985235214233399,24.252391815185547,4.8504783630371096,3.548042878802633,0.7096085757605266,0.7687230319372844,0.7226738929748535,4.8504791259765625,9.399517161791034e-15,0.0
5,5,42,256,0.01,5000,0,0.915710735321045,0.8565072059631348,24.252391815185547,4.8504783630371096,1.0059118096698754,0.20118236193397507,0.2602968181107329,0.1754138708114624,4.8504791259765625,9.399517161791034e-15,0.002400000113993883
5,5,42,256,0.01,10000,0,0.9058846473693848,0.8307687759399414,24.252391815185547,4.8504783630371096,0.7348760957109803,0.14697521914219608,0.2060896753189539,0.12444267272949219,4.8504791259765625,9.399517161791034e-15,0.0031999999191612005
5,5,42,256,0.01,15000,0,0.9005559921264649,0.9024117469787598,24.252391815185547,4.8504783630371096,0.587894317681851,0.11757886353637019,0.17669331971312802,0.10009506940841675,4.8504791259765625,9.399517161791034e-15,0.00279999990016222
5,5,42,256,0.01,20000,0,0.8969491958618164,0.8692832946777344,24.252391815185547,4.8504783630371096,0.4884070542355552,0.09768141084711104,0.15679586702386886,0.0896314561367035,4.8504791259765625,9.399517161791034e-15,0.004999999888241291
5,5,42,256,0.01,25000,0,0.8986833572387696,0.8384747505187988,24.252391815185547,4.8504783630371096,0.5362409092992095,0.1072481818598419,0.16636263803659973,0.0997817039489746,4.8504791259765625,9.399517161791034e-15,0.004800000227987766
5,5,42,256,0.01,30000,0,0.9005306243896485,0.7930745601654052,24.252391815185547,4.8504783630371096,0.5871945923493094,0.11743891846986187,0.1765533746466197,0.11750754117965698,4.8504791259765625,9.399517161791034e-15,0.0031999999191612005
5,5,42,256,0.01,35000,0,0.9036823272705078,0.8409369468688965,24.252391815185547,4.8504783630371096,0.6741288885516639,0.13482577771033277,0.19394023388709059,0.13401747941970826,4.8504791259765625,9.399517161791034e-15,0.004399999976158142
5,5,42,256,0.01,40000,0,0.9095889091491699,0.7984035968780517,24.252391815185547,4.8504783630371096,0.8370517775401964,0.1674103555080393,0.2265248116847971,0.16149504184722902,4.8504791259765625,9.399517161791034e-15,0.004999999888241291
5,5,42,256,0.01,45000,0,0.9142248153686523,0.8072926521301269,24.252391815185547,4.8504783630371096,0.9649252667889492,0.19298505335778984,0.25209950953454763,0.19257783889770508,4.8504791259765625,9.399517161791034e-15,0.005200000014156103
5,5,42,256,0.01,50000,0,0.9186244010925293,0.8349496841430664,24.252391815185547,4.8504783630371096,1.0862802621503427,0.21725605243006854,0.2763705086068263,0.21998264789581298,4.8504791259765625,9.399517161791034e-15,0.005200000014156103
5,5,42,256,0.01,55000,0,0.924713134765625,0.7812023639678956,24.252391815185547,4.8504783630371096,1.2542274946920813,0.25084549893841623,0.30995995511517405,0.25694401264190675,4.8504791259765625,9.399517161791034e-15,0.007799999788403511
5,5,42,256,0.01,60000,0,0.9304886817932129,0.8080303192138671,24.252391815185547,4.8504783630371096,1.4135360129779393,0.28270720259558785,0.34182165877234566,0.2868014097213745,4.8504791259765625,9.399517161791034e-15,0.006000000052154064
5,5,42,256,0.01,65000,0,0.9343425750732421,0.7979326248168945,24.252391815185547,4.8504783630371096,1.5198390220506042,0.30396780441012083,0.36308226058687865,0.3102061986923218,4.8504791259765625,9.399517161791034e-15,0.006599999964237213
5,5,42,256,0.01,70000,0,0.940096664428711,0.8106108665466308,24.252391815185547,4.8504783630371096,1.6785556674047974,0.3357111334809595,0.3948255896577173,0.3456637620925903,4.8504791259765625,9.399517161791034e-15,0.004800000227987766
5,5,42,256,0.01,75000,0,0.9484016418457031,0.7831586837768555,24.252391815185547,4.8504783630371096,1.9076341668748427,0.3815268333749685,0.4406412895517263,0.39472808837890627,4.8504791259765625,9.399517161791034e-15,0.008799999952316284
5,5,42,256,0.01,80000,0,0.9528169631958008,0.8032565116882324,24.252391815185547,4.8504783630371096,2.02942320238612,0.40588464047722395,0.46499909665398176,0.412265682220459,4.8504791259765625,9.399517161791034e-15,0.006000000052154064
5,5,42,256,0.01,85000,0,0.9578197479248047,0.7716679096221923,24.252391815185547,4.8504783630371096,2.1674164034930925,0.4334832806986185,0.49259773687537634,0.44969987869262695,4.8504791259765625,9.399517161791034e-15,0.007000000216066837
5,5,42,256,0.01,90000,0,0.9698276519775391,0.7240048408508301,24.252391815185547,4.8504783630371096,2.4986337571432706,0.49972675142865414,0.5588412076054119,0.5077514171600341,4.8504791259765625,9.399517161791034e-15,0.007400000002235174
5,5,42,256,0.01,95000,0,0.9734516143798828,0.7828022480010987,24.252391815185547,4.8504783630371096,2.5985945189348953,0.519718903786979,0.5788333599637369,0.5287214756011963,4.8504791259765625,9.399517161791034e-15,0.007199999876320362
5,5,42,256,0.01,100000,0,0.9831559181213378,0.8054231643676758,24.252391815185547,4.8504783630371096,2.866271025188322,0.5732542050376643,0.6323686612144221,0.5837175369262695,4.8504791259765625,9.399517161791034e-15,0.010599999688565731
5,5,42,256,0.01,105000,0,0.9927352905273438,0.7231453418731689,24.252391815185547,4.8504783630371096,3.1305015157062996,0.62610030314126,0.6852147593180178,0.6449931621551513,4.8504791259765625,9.399517161791034e-15,0.01080000028014183
5,5,42,256,0.01,110000,0,0.998553466796875,0.7600950717926025,24.252391815185547,4.8504783630371096,3.2909858882163867,0.6581971776432773,0.7173116338200352,0.6860673427581787,4.8504791259765625,9.399517161791034e-15,0.009200000204145908
5,5,42,256,0.01,115000,0,1.0091697692871093,0.7275669574737549,24.252391815185547,4.8504783630371096,3.5838183093385823,0.7167636618677165,0.7758781180444743,0.7300652503967285,4.8504791259765625,9.399517161791034e-15,0.014000000432133675
5,5,42,256,0.01,120000,0,1.0166120529174805,0.764199686050415,24.252391815185547,4.8504783630371096,3.7891008864094964,0.7578201772818993,0.8169346334586571,0.7725172519683838,4.8504791259765625,9.399517161791034e-15,0.01119999960064888
5,5,42,256,0.01,125000,0,1.017848300933838,0.7353458881378174,24.252391815185547,4.8504783630371096,3.8232006589122527,0.7646401317824505,0.8237545879592083,0.7829328536987304,4.8504791259765625,9.399517161791034e-15,0.01140000019222498
5,5,42,256,0.01,130000,0,1.031026554107666,0.7191998958587646,24.252391815185547,4.8504783630371096,4.186700077528403,0.8373400155056807,0.8964544716824385,0.8561112403869628,4.8504791259765625,9.399517161791034e-15,0.013399999588727951
5,5,42,256,0.01,135000,0,1.0423087120056151,0.7252338886260986,24.252391815185547,4.8504783630371096,4.497898973356627,0.8995797946713253,0.9586942508480831,0.9063775062561035,4.8504791259765625,9.399517161791034e-15,0.013399999588727951
5,5,42,256,0.01,140000,0,1.0417247772216798,0.7189054489135742,24.252391815185547,4.8504783630371096,4.481792137976363,0.8963584275952726,0.9554728837720304,0.9265998840332031,4.8504791259765625,9.399517161791034e-15,0.0142000000923872
5,5,42,256,0.01,145000,0,1.0551265716552733,0.7203939914703369,24.252391815185547,4.8504783630371096,4.851457557267235,0.9702915114534469,1.0294059676302048,0.9951900482177735,4.8504791259765625,9.399517161791034e-15,0.014399999752640724
5,5,42,256,0.01,150000,0,1.0731850624084474,0.726369047164917,24.252391815185547,4.8504783630371096,5.3495699249139825,1.0699139849827966,1.1290284411595544,1.0777708053588868,4.8504791259765625,9.399517161791034e-15,0.016200000420212746
5,5,42,256,0.01,155000,0,1.071382427215576,0.6752803802490235,24.252391815185547,4.8504783630371096,5.2998473375617365,1.0599694675123472,1.119083923689105,1.077503776550293,4.8504791259765625,9.399517161791034e-15,0.016200000420212746
5,5,42,256,0.01,160000,0,1.0828872680664063,0.7162679195404053,24.252391815185547,4.8504783630371096,5.617188559147422,1.1234377118294845,1.1825521680062423,1.1292688369750976,4.8504791259765625,9.399517161791034e-15,0.017999999225139618
5,5,42,256,0.01,165000,0,1.090904998779297,0.6700149536132812,24.252391815185547,4.8504783630371096,5.838343852972301,1.1676687705944602,1.226783226771218,1.1888038635253906,4.8504791259765625,9.399517161791034e-15,0.01720000058412552
5,5,42,256,0.01,170000,0,1.0880868911743165,0.6968869686126709,24.252391815185547,4.8504783630371096,5.760611207947498,1.1521222415894996,1.2112366977662574,1.1820829391479493,4.8504791259765625,9.399517161791034e-15,0.020800000056624413
5,5,42,256,0.01,175000,0,1.1088377952575683,0.6958531379699707,24.252391815185547,4.8504783630371096,6.332989160512696,1.2665978321025393,1.325712288279297,1.3088237762451171,4.8504791259765625,9.399517161791034e-15,0.019600000232458115
5,5,42,256,0.01,180000,0,1.1018118858337402,0.650908374786377,24.252391815185547,4.8504783630371096,6.139191548862367,1.2278383097724734,1.2869527659492312,1.2528000831604005,4.8504791259765625,9.399517161791034e-15,0.017799999564886093
5,5,42,256,0.01,185000,0,1.1076661109924317,0.6985684394836426,24.252391815185547,4.8504783630371096,6.300670267897644,1.2601340535795287,1.3192485097562865,1.284349250793457,4.8504791259765625,9.399517161791034e-15,0.01899999938905239
5,5,42,256,0.01,190000,0,1.1125998497009277,0.683969259262085,24.252391815185547,4.8504783630371096,6.436758953437852,1.2873517906875704,1.3464662468643283,1.3187464714050292,4.8504791259765625,9.399517161791034e-15,0.02500000037252903
5,5,42,256,0.01,195000,0,1.1225178718566895,0.6458346366882324,24.252391815185547,4.8504783630371096,6.710330514090618,1.3420661028181236,1.4011805589948814,1.3940415382385254,4.8504791259765625,9.399517161791034e-15,0.02319999970495701
5,5,42,256,0.01,200000,0,1.1140754699707032,0.6311854839324951,24.252391815185547,4.8504783630371096,6.477461397311583,1.2954922794623165,1.3546067356390743,1.3335948944091798,4.8504791259765625,9.399517161791034e-15,0.024399999529123306
5,5,42,256,0.01,205000,0,1.126992416381836,0.6830591201782227,24.252391815185547,4.8504783630371096,6.833753118893281,1.3667506237786562,1.425865079955414,1.400764274597168,4.8504791259765625,9.399517161791034e-15,0.026399999856948853
5,5,42,256,0.01,210000,0,1.1365875244140624,0.6581759452819824,24.252391815185547,4.8504783630371096,7.098417649561146,1.4196835299122292,1.478797986088987,1.4567489624023438,4.8504791259765625,9.399517161791034e-15,0.031199999153614044
5,5,42,256,0.01,215000,0,1.1501925468444825,0.6652122020721436,24.252391815185547,4.8504783630371096,7.473688763151436,1.4947377526302872,1.553852208807045,1.5455437660217286,4.8504791259765625,9.399517161791034e-15,0.030799999833106995
5,5,42,256,0.01,220000,0,1.162227725982666,0.679851484298706,24.252391815185547,4.8504783630371096,7.805658453061419,1.5611316906122839,1.6202461467890417,1.590920352935791,4.8504791259765625,9.399517161791034e-15,0.027400000020861626
5,5,42,256,0.01,225000,0,1.1668595314025878,0.6727765083312989,24.252391815185547,4.8504783630371096,7.9334188288165635,1.5866837657633126,1.6457982219400704,1.611374282836914,4.8504791259765625,9.399517161791034e-15,0.03099999949336052
5,5,42,256,0.01,230000,0,1.1589191436767579,0.6748162746429444,24.252391815185547,4.8504783630371096,7.714396908092027,1.5428793816184054,1.6019938377951632,1.5727201461791993,4.8504791259765625,9.399517161791034e-15,0.028999999165534973
5,5,42,256,0.01,235000,0,1.1710015296936036,0.6689716339111328,24.252391815185547,4.8504783630371096,8.04766871845166,1.609533743690332,1.66864819986709,1.6565305709838867,4.8504791259765625,9.399517161791034e-15,0.03020000085234642
5,5,42,256,0.01,240000,0,1.1672969818115235,0.5995086193084717,24.252391815185547,4.8504783630371096,7.945485144983358,1.5890970289966717,1.6482114851734295,1.602031135559082,4.8504791259765625,9.399517161791034e-15,0.033799998462200165
5,5,42,256,0.01,245000,0,1.1711252212524415,0.6315855026245117,24.252391815185547,4.8504783630371096,8.051080537084395,1.610216107416879,1.6693305635936369,1.6303163528442384,4.8504791259765625,9.399517161791034e-15,0.03539999946951866
5,5,42,256,0.01,250000,0,1.1638761520385743,0.5919664382934571,24.252391815185547,4.8504783630371096,7.851127446944794,1.570225489388959,1.6293399455657167,1.6222354888916015,4.8504791259765625,9.399517161791034e-15,0.03240000084042549
5,5,42,256,0.01,255000,0,1.1764142990112305,0.6555080890655518,24.252391815185547,4.8504783630371096,8.196970638372903,1.6393941276745807,1.6985085838513385,1.6827220916748047,4.8504791259765625,9.399517161791034e-15,0.039000000804662704
5,5,42,256,0.01,260000,0,1.1883251190185546,0.6225015163421631,24.252391815185547,4.8504783630371096,8.52551009582561,1.7051020191651218,1.7642164753418796,1.7483829498291015,4.8504791259765625,9.399517161791034e-15,0.03779999911785126
5,5,42,256,0.01,265000,0,1.1873950004577636,0.6205411434173584,24.252391815185547,4.8504783630371096,8.499854377147884,1.6999708754295768,1.7590853316063346,1.731509017944336,4.8504791259765625,9.399517161791034e-15,0.03840000182390213
5,5,42,256,0.01,270000,0,1.1925687789916992,0.6123180389404297,24.252391815185547,4.8504783630371096,8.642564147883604,1.728512829576721,1.7876272857534787,1.7677242279052734,4.8504791259765625,9.399517161791034e-15,0.043800000101327896
5,5,42,256,0.01,275000,0,1.2004153251647949,0.6706881999969483,24.252391815185547,4.8504783630371096,8.85899761098701,1.771799522197402,1.83091397837416,1.817287063598633,4.8504791259765625,9.399517161791034e-15,0.04320000112056732
5,5,42,256,0.01,280000,0,1.192284107208252,0.6526883125305176,24.252391815185547,4.8504783630371096,8.634711966990238,1.7269423933980477,1.7860568495748055,1.8037605285644531,4.8504791259765625,9.399517161791034e-15,0.04399999976158142
5,5,42,256,0.01,285000,0,1.2136816024780273,0.6441626071929931,24.252391815185547,4.8504783630371096,9.224925023896148,1.8449850047792296,1.9040994609559874,1.8622915267944335,4.8504791259765625,9.399517161791034e-15,0.039799999445676804
5,5,42,256,0.01,290000,0,1.2035144805908202,0.5754212856292724,24.252391815185547,4.8504783630371096,8.944482476143385,1.788896495228677,1.8480109514054348,1.8200841903686524,4.8504791259765625,9.399517161791034e-15,0.03959999978542328
5,5,42,256,0.01,295000,0,1.2122323036193847,0.6064433097839356,24.252391815185547,4.8504783630371096,9.184948610818587,1.8369897221637175,1.8961041783404753,1.8517396926879883,4.8504791259765625,9.399517161791034e-15,0.04479999840259552
5,5,42,256,0.01,300000,1,1.1889680862426757,0.6105165958404541,24.252391815185547,4.8504783630371096,8.543245239404534,1.7086490478809069,1.7677635040576647,1.746802520751953,4.8504791259765625,9.399517161791034e-15,0.04800000041723251
8,5,42,256,0.01,1,0,1.0082169771194458,1.0186073780059814,24.42905044555664,3.05363130569458,20.066835943961138,2.5083544929951422,2.560207911345362,4.914761066436768,6.416718006134033,3.358238697052002,0.0
8,5,42,256,0.01,5000,0,0.5773791670799255,0.570339560508728,24.42905044555664,3.05363130569458,1.0525655211412683,0.13157069014265854,0.18342410849287827,3.632993221282959,6.416718006134033,3.358238697052002,0.00039999998989515007
8,5,42,256,0.01,10000,0,0.5746663808822632,0.580685555934906,24.42905044555664,3.05363130569458,0.9328414645248984,0.1166051830656123,0.16845860141583202,3.6103291511535645,6.416718006134033,3.358238697052002,0.0007999999797903001
8,5,42,256,0.01,15000,0,0.5731242299079895,0.5583393573760986,24.42905044555664,3.05363130569458,0.8647813384766145,0.10809766730957682,0.15995108565979654,3.495151996612549,6.416718006134033,3.358238697052002,0.0010000000474974513
8,5,42,256,0.01,20000,0,0.569833517074585,0.5208318829536438,24.42905044555664,3.05363130569458,0.719551504325203,0.08994393804065037,0.1417973563908701,3.4645440578460693,6.416718006134033,3.358238697052002,0.0006000000284984708
8,5,42,256,0.01,25000,0,0.570986270904541,0.5150966644287109,24.42905044555664,3.05363130569458,0.7704262709844123,0.09630328387305154,0.14815670222327126,3.392289876937866,6.416718006134033,3.358238697052002,0.0017999999690800905
8,5,42,256,0.01,30000,0,0.5703614354133606,0.5136855840682983,24.42905044555664,3.05363130569458,0.7428502534617394,0.09285628168271742,0.14470970003293715,3.3600080013275146,6.416718006134033,3.358238697052002,0.0010000000474974513
8,5,42,256,0.01,35000,0,0.5720263719558716,0.5234466195106506,24.42905044555664,3.05363130569458,0.8163293050176712,0.1020411631272089,0.15389458147742863,3.3626909255981445,6.416718006134033,3.358238697052002,0.0007999999797903001
8,5,42,256,0.01,40000,0,0.5728210806846619,0.5285113453865051,24.42905044555664,3.05363130569458,0.8514023796747168,0.1064252974593396,0.15827871580955932,3.3237807750701904,6.416718006134033,3.358238697052002,0.0007999999797903001
8,5,42,256,0.01,45000,0,0.5750477313995361,0.554742693901062,24.42905044555664,3.05363130569458,0.949671700154969,0.11870896251937113,0.17056238086959086,3.3093342781066895,6.416718006134033,3.358238697052002,0.0010000000474974513
8,5,42,256,0.01,50000,0,0.5767241716384888,0.5543601512908936,24.42905044555664,3.05363130569458,1.0236584471589474,0.12795730589486842,0.17981072424508815,3.300996780395508,6.416718006134033,3.358238697052002,0.00139999995008111
8,5,42,256,0.01,55000,0,0.5780363082885742,0.5315771102905273,24.42905044555664,3.05363130569458,1.0815672947926558,0.13519591184908197,0.1870493301993017,3.317265033721924,6.416718006134033,3.358238697052002,0.002400000113993883
8,5,42,256,0.01,60000,0,0.5805245637893677,0.5174738764762878,24.42905044555664,3.05363130569458,1.1913820832598425,0.14892276040748031,0.20077617875770004,3.3396482467651367,6.416718006134033,3.358238697052002,0.0020000000949949026
8,5,42,256,0.01,65000,0,0.5848127603530884,0.5027445554733276,24.42905044555664,3.05363130569458,1.380634110795011,0.17257926384937639,0.2244326821995961,3.3280210494995117,6.416718006134033,3.358238697052002,0.002199999988079071
8,5,42,256,0.01,70000,0,0.5839059948921204,0.5184424519538879,24.42905044555664,3.05363130569458,1.3406156089756465,0.1675769511219558,0.21943036947217553,3.305041551589966,6.416718006134033,3.358238697052002,0.002400000113993883
8,5,42,256,0.01,75000,0,0.5907023549079895,0.49255868792533875,24.42905044555664,3.05363130569458,1.6405610274632245,0.20507012843290306,0.2569235467831228,3.3488564491271973,6.416718006134033,3.358238697052002,0.00279999990016222
8,5,42,256,0.01,80000,0,0.5933707356452942,0.49310457706451416,24.42905044555664,3.05363130569458,1.7583253270392092,0.21979066587990115,0.2716440842301209,3.3466389179229736,6.416718006134033,3.358238697052002,0.002199999988079071
8,5,42,256,0.01,85000,0,0.5950309634208679,0.5071845054626465,24.42905044555664,3.05363130569458,1.8315965654324664,0.2289495706790583,0.280802989029278,3.3848485946655273,6.416718006134033,3.358238697052002,0.003000000026077032
8,5,42,256,0.01,90000,0,0.600813627243042,0.4853527843952179,24.42905044555664,3.05363130569458,2.08680428192557,0.26085053524069624,0.31270395359091596,3.3506720066070557,6.416718006134033,3.358238697052002,0.003000000026077032
8,5,42,256,0.01,95000,0,0.6026421785354614,0.4800157845020294,24.42905044555664,3.05363130569458,2.1675041832477646,0.2709380229059706,0.3227914412561903,3.332899332046509,6.416718006134033,3.358238697052002,0.00139999995008111
8,5,42,256,0.01,100000,0,0.6065489053726196,0.4605494737625122,24.42905044555664,3.05363130569458,2.3399207140601384,0.2924900892575173,0.344343507607737,3.3487794399261475,6.416718006134033,3.358238697052002,0.0020000000949949026
8,5,42,256,0.01,105000,0,0.6083135008811951,0.5014587044715881,24.42905044555664,3.05363130569458,2.417798039134901,0.3022247548918626,0.35407817324208235,3.3397622108459473,6.416718006134033,3.358238697052002,0.0026000000070780516
8,5,42,256,0.01,110000,0,0.6089677810668945,0.5020086169242859,24.42905044555664,3.05363130569458,2.4466735465608664,0.3058341933201083,0.35768761167032803,3.442105770111084,6.416718006134033,3.358238697052002,0.0026000000070780516
8,5,42,256,0.01,115000,0,0.6114243865013123,0.49283307790756226,24.42905044555664,3.05363130569458,2.555091514909332,0.3193864393636665,0.37123985771388623,3.4070699214935303,6.416718006134033,3.358238697052002,0.003000000026077032
8,5,42,256,0.01,120000,0,0.6204850673675537,0.47409695386886597,24.42905044555664,3.05363130569458,2.9549687591785414,0.3693710948973177,0.4212245132475374,3.4060254096984863,6.416718006134033,3.358238697052002,0.0034000000450760126
8,5,42,256,0.01,125000,0,0.6218039989471436,0.48637068271636963,24.42905044555664,3.05363130569458,3.0131774890976217,0.3766471861372027,0.42850060448742244,3.3717963695526123,6.416718006134033,3.358238697052002,0.004000000189989805
8,5,42,256,0.01,130000,0,0.6256213188171387,0.4744289219379425,24.42905044555664,3.05363130569458,3.1816482003655864,0.3977060250456983,0.449559443395918,3.4101009368896484,6.416718006134033,3.358238697052002,0.00279999990016222
8,5,42,256,0.01,135000,0,0.6297377347946167,0.4716576635837555,24.42905044555664,3.05363130569458,3.3633189932827747,0.42041487416034684,0.47226829251056657,3.449265718460083,6.416718006134033,3.358238697052002,0.00419999985024333
8,5,42,256,0.01,140000,0,0.6323457956314087,0.46605241298675537,24.42905044555664,3.05363130569458,3.4784211799394633,0.4348026474924329,0.48665606584265264,3.442440986633301,6.416718006134033,3.358238697052002,0.004600000102072954
8,5,42,256,0.01,145000,0,0.6366755962371826,0.45808303356170654,24.42905044555664,3.05363130569458,3.669509328835968,0.458688666104496,0.5105420844547157,3.4857327938079834,6.416718006134033,3.358238697052002,0.004000000189989805
8,5,42,256,0.01,150000,0,0.6465766429901123,0.47527122497558594,24.42905044555664,3.05363130569458,4.106474646276233,0.5133093307845291,0.5651627491347488,3.382807731628418,6.416718006134033,3.358238697052002,0.004600000102072954
8,5,42,256,0.01,155000,0,0.6424717903137207,0.4511515200138092,24.42905044555664,3.05363130569458,3.9253141793534567,0.4906642724191821,0.5425176907694018,3.4762351512908936,6.416718006134033,3.358238697052002,0.002199999988079071
8,5,42,256,0.01,160000,0,0.6471124291419983,0.48028087615966797,24.42905044555664,3.05363130569458,4.130120627532676,0.5162650784415845,0.5681184967918043,3.4676923751831055,6.416718006134033,3.358238697052002,0.00419999985024333
8,5,42,256,0.01,165000,0,0.6547144055366516,0.47084781527519226,24.42905044555664,3.05363130569458,4.465620510661719,0.5582025638327148,0.6100559821829346,3.564383029937744,6.416718006134033,3.358238697052002,0.005400000140070915
8,5,42,256,0.01,170000,0,0.6499688029289246,0.48048484325408936,24.42905044555664,3.05363130569458,4.256181670337366,0.5320227087921707,0.5838761271423905,3.4706032276153564,6.416718006134033,3.358238697052002,0.004999999888241291
8,5,42,256,0.01,175000,0,0.6591363549232483,0.48389506340026855,24.42905044555664,3.05363130569458,4.660775484235323,0.5825969355294154,0.6344503538796351,3.421516180038452,6.416718006134033,3.358238697052002,0.004999999888241291
8,5,42,256,0.01,180000,0,0.6615439653396606,0.4506133496761322,24.42905044555664,3.05363130569458,4.767031143473453,0.5958788929341816,0.6477323112844013,3.4932045936584473,6.416718006134033,3.358238697052002,0.00419999985024333
8,5,42,256,0.01,185000,0,0.6707425117492676,0.46033406257629395,24.42905044555664,3.05363130569458,5.172992841480138,0.6466241051850172,0.698477523535237,3.4134366512298584,6.416718006134033,3.358238697052002,0.007000000216066837
8,5,42,256,0.01,190000,0,0.6734121441841125,0.43280211091041565,24.42905044555664,3.05363130569458,5.290812382529744,0.661351547816218,0.7132049661664377,3.6023545265197754,6.416718006134033,3.358238697052002,0.007000000216066837
8,5,42,256,0.01,195000,0,0.6790902018547058,0.4451395869255066,24.42905044555664,3.05363130569458,5.54140349015589,0.6926754362694862,0.744528854619706,3.5141661167144775,6.416718006134033,3.358238697052002,0.005200000014156103
8,5,42,256,0.01,200000,0,0.6780120730400085,0.4632466733455658,24.42905044555664,3.05363130569458,5.49382216754308,0.686727770942885,0.7385811892931047,3.5647852420806885,6.416718006134033,3.358238697052002,0.007799999788403511
8,5,42,256,0.01,205000,0,0.6859673857688904,0.4507189095020294,24.42905044555664,3.05363130569458,5.844915929511615,0.7306144911889518,0.7824679095391716,3.598994731903076,6.416718006134033,3.358238697052002,0.009399999864399433
8,5,42,256,0.01,210000,0,0.6889247894287109,0.43249407410621643,24.42905044555664,3.05363130569458,5.97543574840148,0.746929468550185,0.7987828869004048,3.5245683193206787,6.416718006134033,3.358238697052002,0.009800000116229057
8,5,42,256,0.01,215000,0,0.7010570764541626,0.45399218797683716,24.42905044555664,3.05363130569458,6.510872938391948,0.8138591172989935,0.8657125356492132,3.57074236869812,6.416718006134033,3.358238697052002,0.009600000455975533
8,5,42,256,0.01,220000,0,0.7003301978111267,0.44771385192871094,24.42905044555664,3.05363130569458,6.478793425495926,0.8098491781869908,0.8617025965372105,3.6273136138916016,6.416718006134033,3.358238697052002,0.00860000029206276
8,5,42,256,0.01,225000,0,0.7038663029670715,0.4550710618495941,24.42905044555664,3.05363130569458,6.634853219023551,0.8293566523779439,0.8812100707281636,3.5639030933380127,6.416718006134033,3.358238697052002,0.010400000028312206
8,5,42,256,0.01,230000,0,0.7067905068397522,0.4550992548465729,24.42905044555664,3.05363130569458,6.763907823589264,0.845488477948658,0.8973418962988777,3.641948938369751,6.416718006134033,3.358238697052002,0.011800000444054604
8,5,42,256,0.01,235000,0,0.7088513970375061,0.4204133450984955,24.42905044555664,3.05363130569458,6.854861594634187,0.8568576993292734,0.9087111176794931,3.655280113220215,6.416718006134033,3.358238697052002,0.012400000356137753
8,5,42,256,0.01,240000,0,0.711089015007019,0.41560712456703186,24.42905044555664,3.05363130569458,6.9536149356452235,0.8692018669556529,0.9210552853058727,3.593569278717041,6.416718006134033,3.358238697052002,0.00860000029206276
8,5,42,256,0.01,245000,0,0.7088726758956909,0.43146318197250366,24.42905044555664,3.05363130569458,6.855800699685755,0.8569750874607194,0.9088285058109391,3.664184093475342,6.416718006134033,3.358238697052002,0.013799999840557575
8,5,42,256,0.01,250000,0,0.7225224375724792,0.40952998399734497,24.42905044555664,3.05363130569458,7.458208969530247,0.9322761211912809,0.9841295395415006,3.655409812927246,6.416718006134033,3.358238697052002,0.010599999688565731
8,5,42,256,0.01,255000,0,0.7234955430030823,0.4258705973625183,24.42905044555664,3.05363130569458,7.501155269451562,0.9376444086814453,0.989497827031665,3.6615378856658936,6.416718006134033,3.358238697052002,0.013399999588727951
8,5,42,256,0.01,260000,0,0.7303881049156189,0.4095567464828491,24.42905044555664,3.05363130569458,7.805346389768921,0.9756682987211152,1.0275217170713349,3.6851773262023926,6.416718006134033,3.358238697052002,0.016599999740719795
8,5,42,256,0.01,265000,0,0.7242666482925415,0.4416387677192688,24.42905044555664,3.05363130569458,7.535186647748887,0.9418983309686109,0.9937517493188306,3.7257046699523926,6.416718006134033,3.358238697052002,0.012600000016391277
8,5,42,256,0.01,270000,0,0.7296943664550781,0.41488853096961975,24.42905044555664,3.05363130569458,7.774729460650697,0.9718411825813371,1.0236946009315568,3.6631178855895996,6.416718006134033,3.358238697052002,0.012400000356137753
8,5,42,256,0.01,275000,0,0.7278006672859192,0.44413405656814575,24.42905044555664,3.05363130569458,7.691154372153811,0.9613942965192264,1.013247714869446,3.766950845718384,6.416718006134033,3.358238697052002,0.01679999940097332
8,5,42,256,0.01,280000,0,0.7423675656318665,0.4144253730773926,24.42905044555664,3.05363130569458,8.334038858884817,1.0417548573606021,1.0936082757108219,3.717334032058716,6.416718006134033,3.358238697052002,0.012000000104308128
8,5,42,256,0.01,285000,0,0.7361263036727905,0.42545822262763977,24.42905044555664,3.05363130569458,8.058591718675274,1.0073239648344092,1.059177383184629,3.666666269302368,6.416718006134033,3.358238697052002,0.014600000344216824
8,5,42,256,0.01,290000,0,0.7350325584411621,0.43030333518981934,24.42905044555664,3.05363130569458,8.01032119291537,1.0012901491144213,1.053143567464641,3.8096723556518555,6.416718006134033,3.358238697052002,0.016599999740719795
8,5,42,256,0.01,295000,0,0.7501593828201294,0.41503584384918213,24.42905044555664,3.05363130569458,8.677917032179813,1.0847396290224767,1.1365930473726964,3.734412431716919,6.416718006134033,3.358238697052002,0.015200000256299973
8,5,42,256,0.01,300000,1,0.7519211769104004,0.41129064559936523,24.42905044555664,3.05363130569458,8.75567072157552,1.09445884019694,1.1463122585471597,3.722943067550659,6.416718006134033,3.358238697052002,0.017999999225139618
