width,experiment,config,d_intrinsic,d_latent,p,seed,bulk,count,eig_log10_median,pr_mean,pr_median,pr_q10,pr_q90,pr_over_p_median,maxabs_median
p_n_plus_d_plus_r,exp2_main_gmm,gmm_main,5,5,805,42,signal,5,1.848577783408554,352.483410355146,340.20847612974546,312.1977792730724,399.09792074825526,0.422619225005895,0.08583467936561533
p_n_plus_d_plus_r,exp2_main_gmm,gmm_main,5,5,805,42,sample,500,-2.814415863331432,193.71198804890534,197.9623355799209,153.8598199888343,227.91807186642333,0.24591594481977752,0.1454027245641422
p_n_plus_d_plus_r,exp2_main_gmm,gmm_main,5,5,805,42,rank-null,300,-5.115305241744837,132.18279277342168,139.1156115604843,51.09010984935594,196.61501260643143,0.17281442429873825,0.17082507270547603
p_n_plus_d_plus_r,exp2_main_gmm,gmm_main,5,10,810,139,signal,5,1.7773991660372643,345.3005539485447,343.1784461158863,322.24703991103576,366.79922261607015,0.42367709397023,0.08592953320449084
p_n_plus_d_plus_r,exp2_main_gmm,gmm_main,5,10,810,139,noise-dim,5,0.8301662774525128,253.66825309497352,248.819802000942,238.57518403143231,274.0156903965798,0.30718494074190367,0.12041716678026773
p_n_plus_d_plus_r,exp2_main_gmm,gmm_main,5,10,810,139,sample,500,-2.298486849681214,225.01243885324936,228.68254571365236,188.4238358441671,257.4645521901205,0.28232413051068195,0.1347771968350393
p_n_plus_d_plus_r,exp2_main_gmm,gmm_main,5,10,810,139,rank-null,300,-3.8504141593089187,166.5076070916677,185.57147354633486,61.03617141356313,245.63295473354503,0.22910058462510477,0.15241039777858545
p_n_plus_d_plus_r,exp2_main_gmm,gmm_main,5,20,820,236,signal,5,1.6022250058563767,334.0927221179684,337.99513855428575,301.9672358584053,367.4570845836353,0.41218919335888504,0.09634999377279538
p_n_plus_d_plus_r,exp2_main_gmm,gmm_main,5,20,820,236,noise-dim,15,0.6178120379623473,266.31386492054236,261.69460017856323,247.41867654677696,289.8743027481646,0.31913975631532104,0.11438501391328118
p_n_plus_d_plus_r,exp2_main_gmm,gmm_main,5,20,820,236,sample,500,-2.099214027067978,243.1726918578295,248.53300392959108,203.353072292076,279.8930859231317,0.30308902918242814,0.1268360415699045
p_n_plus_d_plus_r,exp2_main_gmm,gmm_main,5,20,820,236,rank-null,300,-3.339778730387149,200.40986982350267,221.1679835628221,98.7133230855037,269.7206526084372,0.2697170531253928,0.13949007576788372
p_n_plus_d_plus_r,exp2_main_gmm,gmm_main,5,40,840,333,signal,5,1.4347567980663127,333.34319282916016,335.03772055919495,316.72946693765397,349.9916278239441,0.3988544292371368,0.10024786672688196
p_n_plus_d_plus_r,exp2_main_gmm,gmm_main,5,40,840,333,noise-dim,35,0.40635839913934546,277.444460556918,274.7471653242107,262.82512064797254,298.4583612315657,0.32707995871929846,0.11736443080016094
p_n_plus_d_plus_r,exp2_main_gmm,gmm_main,5,40,840,333,sample,500,-2.0902113670970053,250.36392624048062,261.2165839101947,197.96661191198424,289.51508000759407,0.31097212370261273,0.12410793515015783
p_n_plus_d_plus_r,exp2_main_gmm,gmm_main,5,40,840,333,rank-null,300,-3.094072176061819,204.9185363468118,228.6293723390196,92.92068635840066,271.50943159913817,0.2721778242131186,0.1386610552050242
p_n_plus_d_plus_r,exp2_main_gmm,gmm_main,5,100,900,430,signal,5,1.1680270632829117,331.3808246355301,342.51963297916694,312.41656158539683,344.102073044343,0.38057736997685215,0.09490539654440486
p_n_plus_d_plus_r,exp2_main_gmm,gmm_main,5,100,900,430,noise-dim,95,0.08577143173158333,303.48428591691066,304.7702209864373,282.1192844646836,325.5783489880612,0.33863357887381923,0.11144649510877068
p_n_plus_d_plus_r,exp2_main_gmm,gmm_main,5,100,900,430,sample,500,-2.2813415592124286,270.9325777073262,277.8125139129138,225.06167088526365,308.7733450776843,0.30868057101434865,0.1194482255710292
p_n_plus_d_plus_r,exp2_main_gmm,gmm_main,5,100,900,430,rank-null,300,-3.0875073613154056,206.03762471038073,233.26728295139395,90.73162962482382,278.23348733585595,0.2591858699459933,0.13731539455882608
p_n_plus_d_plus_r,exp2_main_gmm,gmm_main,5,200,1000,527,signal,5,0.9556297507413727,352.32488097783414,351.1719327173633,335.030027731344,370.40427012609024,0.3511719327173633,0.10106998358850637
p_n_plus_d_plus_r,exp2_main_gmm,gmm_main,5,200,1000,527,noise-dim,195,-0.18659541407088917,335.77169541278016,335.47729893182157,315.50787388893855,355.78931266002627,0.33547729893182154,0.10848983704774882
p_n_plus_d_plus_r,exp2_main_gmm,gmm_main,5,200,1000,527,sample,500,-2.5209896929654843,307.342362371577,310.51187787138286,270.60850076276125,342.83720225019937,0.31051187787138285,0.11518758934814366
p_n_plus_d_plus_r,exp2_main_gmm,gmm_main,5,200,1000,527,rank-null,300,-3.1307071423362656,231.59747547007427,260.20748490690823,105.13351153293796,306.9325427128786,0.26020748490690826,0.13259249656160554
p_n_plus_d_plus_r,exp2_main_gmm,gmm_main,5,500,1300,624,signal,5,0.6427959926898842,439.6231373364808,439.55160740326795,435.1327122012973,443.9025295111307,0.3381166210794369,0.10193752540203933
p_n_plus_d_plus_r,exp2_main_gmm,gmm_main,5,500,1300,624,noise-dim,495,-0.6204142241276062,435.0367419784652,434.36187896938225,409.67514235635485,461.37835191208865,0.3341245222841402,0.0967629189554573
p_n_plus_d_plus_r,exp2_main_gmm,gmm_main,5,500,1300,624,sample,500,-2.9503720898946737,409.39136408833537,410.26527435992386,375.00021745593017,440.2400102775866,0.3155886725845568,0.10115418281641853
p_n_plus_d_plus_r,exp2_main_gmm,gmm_main,5,500,1300,624,rank-null,300,-3.168206089498616,339.20310957803946,363.25725999343257,210.50679994584297,419.03152541864273,0.2794286615334097,0.11168249363097243
p_n_plus_d_plus_r,exp2_main_gmm,gmm_main,5,1000,1800,721,signal,5,0.5750660602867801,625.2132407719976,624.5388470238865,600.2710763505681,647.0189472482174,0.34696602612438143,0.08031720516227539
p_n_plus_d_plus_r,exp2_main_gmm,gmm_main,5,1000,1800,721,noise-dim,995,-1.372977164920423,601.6702588716863,601.5964314559104,572.6437055915587,630.4512678468755,0.334220239697728,0.0842027991355581
p_n_plus_d_plus_r,exp2_main_gmm,gmm_main,5,1000,1800,721,sample,500,-3.0639468049597687,569.5930406869503,571.1803603621403,534.5473355723634,602.857070192649,0.31732242242341124,0.08920603355641785
p_n_plus_d_plus_r,exp2_main_gmm,gmm_main,5,1000,1800,721,rank-null,300,-3.182275821913186,496.06782967517773,533.03379064825,362.24556009028976,587.2678082203728,0.29612988369347226,0.09396666150937755
p_n_plus_d_plus_r,exp3_main_gmm,gmm_main,2,20,820,42,signal,2,1.9575413160602988,374.7868969125594,374.7868969125594,371.6538492504096,377.91994457470923,0.4570571913567798,0.08066386792730693
p_n_plus_d_plus_r,exp3_main_gmm,gmm_main,2,20,820,42,noise-dim,18,0.6839859314483996,269.22224302028764,270.36247281062606,248.41449018175595,287.3742180033163,0.32971033269588546,0.11021378245774976
p_n_plus_d_plus_r,exp3_main_gmm,gmm_main,2,20,820,42,sample,500,-2.331340303056875,236.06953548473138,243.0909405351356,187.62786184554827,271.09748322774357,0.2964523665062629,0.13006603308235576
p_n_plus_d_plus_r,exp3_main_gmm,gmm_main,2,20,820,42,rank-null,300,-3.545720220419271,196.03093293457448,219.4388874578089,86.54773168894074,259.859205230695,0.2676083993387913,0.14022263599762202
p_n_plus_d_plus_r,exp3_main_gmm,gmm_main,5,20,820,139,signal,5,1.604200244038719,334.6764661525806,337.44390019098995,324.4057422401541,342.46811977811876,0.4115169514524268,0.09608530933837092
p_n_plus_d_plus_r,exp3_main_gmm,gmm_main,5,20,820,139,noise-dim,15,0.6348042019930098,259.8465533519205,261.72871544687956,240.9702579679241,278.21698912953485,0.31918136030107264,0.12042391165035483
p_n_plus_d_plus_r,exp3_main_gmm,gmm_main,5,20,820,139,sample,500,-2.081598179347944,241.380014835029,248.88482894886204,201.36735637979726,274.6374351816259,0.30351808408397807,0.1279298920443957
p_n_plus_d_plus_r,exp3_main_gmm,gmm_main,5,20,820,139,rank-null,300,-3.317644277992593,200.42915397344564,226.01378742763006,94.00576003044903,266.3297599650725,0.2756265700336952,0.14130469050475547
p_n_plus_d_plus_r,exp3_main_gmm,gmm_main,8,20,820,236,signal,8,1.400144397883166,314.8235231030021,316.7227092435669,288.2379054840727,340.83238953184747,0.38624720639459376,0.09946132761269252
p_n_plus_d_plus_r,exp3_main_gmm,gmm_main,8,20,820,236,noise-dim,12,0.6040195003095306,273.00582797635644,275.91688940949507,255.94700529536314,288.97298744708354,0.33648401147499396,0.11456386978003999
p_n_plus_d_plus_r,exp3_main_gmm,gmm_main,8,20,820,236,sample,500,-1.9264023724011028,248.14314753859082,253.65705118962194,205.95395698053025,281.99671674727057,0.309337867304417,0.12667140129852195
p_n_plus_d_plus_r,exp3_main_gmm,gmm_main,8,20,820,236,rank-null,300,-3.2111255365760885,204.71730501029685,227.72689252392053,96.73488099708143,269.51065781147264,0.277715722590147,0.13433280306614223
p_n_plus_d_plus_r,exp3_main_gmm,gmm_main,12,20,820,333,signal,12,1.2730941149568626,304.97000308785937,306.30457767110954,286.12829384675075,316.52966410539966,0.373542167891597,0.10307810349464691
p_n_plus_d_plus_r,exp3_main_gmm,gmm_main,12,20,820,333,noise-dim,8,0.5653490726984005,271.05237330362434,263.8965297800404,259.1775688818855,291.02460702411463,0.32182503631712245,0.12329265711250242
p_n_plus_d_plus_r,exp3_main_gmm,gmm_main,12,20,820,333,sample,500,-1.7405022647372508,250.78430869679113,256.4851594006639,213.80598501003735,285.17125803447516,0.3127867797569072,0.12362397472014142
p_n_plus_d_plus_r,exp3_main_gmm,gmm_main,12,20,820,333,rank-null,300,-3.0820139837064424,209.2731074245665,234.98989622221353,103.12092503904364,272.23789978370627,0.28657304417343116,0.13477418795997556
p_n_plus_d_plus_r,exp3_main_gmm,gmm_main,16,20,820,430,signal,16,1.2149837898230031,302.4857335034677,296.9907028457287,283.13085476671085,324.95418963162086,0.3621837839582058,0.10237764037010263
p_n_plus_d_plus_r,exp3_main_gmm,gmm_main,16,20,820,430,noise-dim,4,0.5327168708963677,270.444113053435,276.04689539352376,251.46360931639327,284.9423909184057,0.3366425553579558,0.11615108279330397
p_n_plus_d_plus_r,exp3_main_gmm,gmm_main,16,20,820,430,sample,500,-1.5942283325636053,254.96169952126644,260.2355327481916,221.51188441597262,284.24628705355155,0.31736040579047753,0.1225163946431395
p_n_plus_d_plus_r,exp3_main_gmm,gmm_main,16,20,820,430,rank-null,300,-2.9820455645517905,215.79349061003757,238.15950033355924,116.85694271880537,273.01852681544995,0.2904384150409259,0.13287936816513232
p_n_plus_d_plus_r,exp3_main_gmm,gmm_main,20,20,820,527,signal,20,1.158535823656226,293.86865361266393,293.92837699698464,274.2126743265709,319.5286443068685,0.3584492402402252,0.1092964339352192
p_n_plus_d_plus_r,exp3_main_gmm,gmm_main,20,20,820,527,sample,500,-1.4788632945894347,255.20985778984328,260.7248468515904,220.1213797971496,284.96509399119225,0.3179571303068176,0.12228505293178522
p_n_plus_d_plus_r,exp3_main_gmm,gmm_main,20,20,820,527,rank-null,300,-2.917945587857668,218.67698991510332,239.71079491345034,122.70266949430398,275.5680739280087,0.2923302376993297,0.13149421577785558
p64,exp2_main_gmm,gmm_main,5,5,320,42,signal,5,1.484404077036631,137.03807949697207,129.89134739263866,127.29819752685518,150.51651305996563,0.4059104606019958,0.13028771836556452
p64,exp2_main_gmm,gmm_main,5,5,320,42,sample,315,-2.792135063547486,73.0449386034399,77.26931718644889,44.228339069409095,95.52931773309449,0.24146661620765278,0.21330288886906845
p64,exp2_main_gmm,gmm_main,5,10,640,139,signal,5,1.678760812964527,280.6846362557448,286.45238882658924,259.11427375940673,296.82071840316775,0.44758185754154567,0.09684365426723124
p64,exp2_main_gmm,gmm_main,5,10,640,139,noise-dim,5,0.7291888040518022,201.7886447228801,199.2320263666111,187.50052824554473,219.4371560693964,0.31130004119782984,0.13812092726060554
p64,exp2_main_gmm,gmm_main,5,10,640,139,sample,500,-2.4514897051853293,179.59033682355778,182.1804233739896,147.13734957590216,206.6842835211524,0.2846569115218588,0.14598110497546396
p64,exp2_main_gmm,gmm_main,5,10,640,139,rank-null,130,-3.94584098641089,98.78633228630082,103.14333947631775,33.02476547230255,153.6481965676485,0.1611614679317465,0.19120006699439498
p64,exp2_main_gmm,gmm_main,5,20,1280,236,signal,5,1.7845539750633703,519.8827072933452,518.3991222829264,470.4739097860881,569.6656313003753,0.4049993142835363,0.0812800800430806
p64,exp2_main_gmm,gmm_main,5,20,1280,236,noise-dim,15,0.8243422937668371,414.2345233996313,415.8568912991099,394.4946371064569,433.0768927830744,0.3248881963274296,0.10177343143134579
p64,exp2_main_gmm,gmm_main,5,20,1280,236,sample,500,-1.8595208335930375,364.45022194932926,370.63221089774356,314.7286407418803,408.86318689936274,0.2895564147638622,0.1087621571754749
p64,exp2_main_gmm,gmm_main,5,20,1280,236,rank-null,760,-3.350213493683891,331.50173268921606,370.60933847382,171.365945338676,412.2859821787288,0.2895385456826719,0.11291142318474062
p64,exp2_main_gmm,gmm_main,5,40,2560,333,signal,5,1.9116799225181604,992.8647248159323,981.9251445700062,957.2346252540084,1039.7333970762375,0.38356450959765864,0.0588671889019044
p64,exp2_main_gmm,gmm_main,5,40,2560,333,noise-dim,35,0.9051927806822527,850.3161886744178,854.0327319262345,801.9957558811155,886.9208119478255,0.3336065359086854,0.07399130052198247
p64,exp2_main_gmm,gmm_main,5,40,2560,333,sample,500,-1.5343265521466944,706.5605018336267,734.3527427917011,576.319893395932,806.1077759896311,0.2868565401530082,0.08406492549924649
p64,exp2_main_gmm,gmm_main,5,40,2560,333,rank-null,2020,-3.1358877799851737,675.244330990062,722.9838947596468,484.35928911553395,801.6293884913401,0.28241558389048704,0.08515243512369158
p64,exp3_main_gmm,gmm_main,2,20,1280,42,signal,2,2.148056895878258,587.9816239419507,587.9816239419507,581.5211455282604,594.442102355641,0.459360643704649,0.06461143039971007
p64,exp3_main_gmm,gmm_main,2,20,1280,42,noise-dim,18,0.88439316576023,410.55510322575316,413.0017964746396,386.35332039619095,435.4687387337057,0.3226576534958122,0.0998956847247721
p64,exp3_main_gmm,gmm_main,2,20,1280,42,sample,500,-2.094731284069969,351.18540517062576,361.3483589122744,287.46290771440107,398.42725280133163,0.28230340540021437,0.11434098425480052
p64,exp3_main_gmm,gmm_main,2,20,1280,42,rank-null,760,-3.561172278857223,322.0818286102287,356.99436847853906,175.30236087495751,403.1162821065367,0.2789018503738586,0.11387689167777029
p64,exp3_main_gmm,gmm_main,5,20,1280,139,signal,5,1.8107659751137617,522.6268154900239,530.117994171445,497.3629612912686,540.4709359295385,0.4141546829464414,0.07663263178653433
p64,exp3_main_gmm,gmm_main,5,20,1280,139,noise-dim,15,0.8398306152272454,409.89482257114406,410.3276896024633,394.47755951202106,426.14134960582624,0.32056850750192445,0.10310246257788266
p64,exp3_main_gmm,gmm_main,5,20,1280,139,sample,500,-1.8436429813658544,363.3834412959139,371.62809246945676,312.16002064353927,409.4802548980843,0.2903344472417631,0.10949647746960889
p64,exp3_main_gmm,gmm_main,5,20,1280,139,rank-null,760,-3.332312985816742,335.48280809163543,373.83189770005026,193.52868589410457,414.03176817568715,0.29205617007816426,0.10973597822798081
p64,exp3_main_gmm,gmm_main,8,20,1280,236,signal,8,1.5857518470739524,486.9873201464169,484.129749401086,454.0368815788277,525.8727423313381,0.3782263667195984,0.07873401246772435
p64,exp3_main_gmm,gmm_main,8,20,1280,236,noise-dim,12,0.801413395833136,422.13720933439964,424.288298465029,400.5243616924873,439.1832085122605,0.3314752331758039,0.09453432060665254
p64,exp3_main_gmm,gmm_main,8,20,1280,236,sample,500,-1.6867849363265712,371.6133275772212,378.77626811166726,313.90730121709015,416.2161627396324,0.29591895946224006,0.10790745673657971
p64,exp3_main_gmm,gmm_main,8,20,1280,236,rank-null,760,-3.2229405582842823,335.7291299683781,375.1103749598074,185.95954784259706,413.7135602230996,0.29305498043734957,0.1096282715594156
p64,exp3_main_gmm,gmm_main,12,20,1280,333,signal,12,1.468665435094065,472.6302464628324,458.03370972644666,443.64641595613017,504.2133238533543,0.35783883572378644,0.08149714446443604
p64,exp3_main_gmm,gmm_main,12,20,1280,333,noise-dim,8,0.7697738725017126,414.8003007540997,403.19348376226344,392.3184275303163,449.3103334887328,0.3149949091892683,0.09679278655571269
p64,exp3_main_gmm,gmm_main,12,20,1280,333,sample,500,-1.496108998524877,379.22043158774795,386.0690325589301,330.4029659051634,424.1842034775557,0.30161643168666413,0.1067938066499656
p64,exp3_main_gmm,gmm_main,12,20,1280,333,rank-null,760,-3.0952968730830763,340.46211103199835,373.84478939850464,197.26529942618964,416.48706731477756,0.2920662417175818,0.10921829415172862
p64,exp3_main_gmm,gmm_main,16,20,1280,430,signal,16,1.4017651342536133,468.72353720987337,455.2257665256309,441.2002186000007,502.0399956128897,0.35564513009814913,0.0871017128021375
p64,exp3_main_gmm,gmm_main,16,20,1280,430,noise-dim,4,0.7404375438466959,427.5545031860944,429.7570273657658,405.99423366926237,447.35275335918925,0.3357476776295045,0.10193984666861737
p64,exp3_main_gmm,gmm_main,16,20,1280,430,sample,500,-1.3489591735718294,384.95073054003853,393.52271157639103,332.21863105937274,426.11299051222466,0.3074396184190555,0.10563641276116051
p64,exp3_main_gmm,gmm_main,16,20,1280,430,rank-null,760,-3.0062179413215784,345.5781001799414,378.87654107858214,217.88509281375997,419.30782052734605,0.29599729771764227,0.10876395597403649
p64,exp3_main_gmm,gmm_main,20,20,1280,527,signal,20,1.3452222608428857,457.4294982256306,450.90009740474943,429.24504086534876,497.9758271009053,0.35226570109746047,0.08841150259456013
p64,exp3_main_gmm,gmm_main,20,20,1280,527,sample,500,-1.2413973473372402,390.3820617230785,396.0490816495797,339.0211143291231,432.8027845669363,0.30941334503873413,0.10439255107659363
p64,exp3_main_gmm,gmm_main,20,20,1280,527,rank-null,760,-2.947469034544873,343.3985460216939,376.25810931552905,209.678897646113,417.32077565650144,0.2939516479027571,0.1098183818987222
p_fixed_energy_fixed,exp2_main_gmm,gmm_main,5,5,1800,42,signal,5,2.1974383837386173,775.8234502996157,751.2102411992834,677.5180456811036,887.8482395762969,0.41733902288849073,0.058012205617570416
p_fixed_energy_fixed,exp2_main_gmm,gmm_main,5,5,1800,42,sample,500,-2.3319257468245453,352.4473962822729,354.5331245034327,286.2013154246388,409.0689137986958,0.1969628469463515,0.11985082444882783
p_fixed_energy_fixed,exp2_main_gmm,gmm_main,5,5,1800,42,rank-null,1295,-5.311968635063382,363.9594502850825,410.28203247786763,167.4021972383741,471.62123810534524,0.22793446248770424,0.1101071170469813
p_fixed_energy_fixed,exp2_main_gmm,gmm_main,5,10,1800,139,signal,5,2.09408974007792,749.1462913250214,755.9923840388897,701.9289518871507,787.8612220013579,0.4199957689104943,0.06018718580187107
p_fixed_energy_fixed,exp2_main_gmm,gmm_main,5,10,1800,139,noise-dim,5,1.549193750993277,595.1413910456182,601.0509240456059,579.6310866007965,605.0286259318598,0.33391718002533666,0.08388972876334905
p_fixed_energy_fixed,exp2_main_gmm,gmm_main,5,10,1800,139,sample,500,-1.5415057805623384,461.3554936415263,463.748125987182,415.377424734545,504.0357386076867,0.2576378477706567,0.10277507481893647
p_fixed_energy_fixed,exp2_main_gmm,gmm_main,5,10,1800,139,rank-null,1290,-3.6208522570358177,413.952135352451,461.8513782981012,197.46381217868466,524.8243608828844,0.2565840990545007,0.10353011931117662
p_fixed_energy_fixed,exp2_main_gmm,gmm_main,5,20,1800,236,signal,5,1.937877678695237,731.2116544189523,715.7358900488443,677.5171449596637,790.1863865511207,0.3976310500271357,0.0685738958896066
p_fixed_energy_fixed,exp2_main_gmm,gmm_main,5,20,1800,236,noise-dim,15,0.9809708442742038,587.9320156225004,586.0669741034022,566.4783503690311,607.4394623462947,0.325592763390779,0.0826374411253437
p_fixed_energy_fixed,exp2_main_gmm,gmm_main,5,20,1800,236,sample,500,-1.6957144977397056,498.4594797991274,507.05908643735734,438.25379062130753,557.0752934617657,0.28169949246519854,0.09720074149113689
p_fixed_energy_fixed,exp2_main_gmm,gmm_main,5,20,1800,236,rank-null,1280,-3.4073129825528303,466.54717726558755,516.1183835715941,269.043981218213,567.8132192951118,0.28673243531755227,0.09682853569691269
p_fixed_energy_fixed,exp2_main_gmm,gmm_main,5,40,1800,333,signal,5,1.7870485950807669,709.1011026666514,691.5385825138078,680.338367419693,750.0219849945333,0.3841881013965599,0.06971972868516084
p_fixed_energy_fixed,exp2_main_gmm,gmm_main,5,40,1800,333,noise-dim,35,0.48602714324486185,587.2030882146653,588.7597885655115,557.0522714991691,614.2894818732768,0.32708877142528414,0.0849774350978517
p_fixed_energy_fixed,exp2_main_gmm,gmm_main,5,40,1800,333,sample,500,-2.0858724241627185,473.7006707851,493.37679056361947,370.13469248284343,544.0514779101679,0.2740982169797886,0.10063433046205689
p_fixed_energy_fixed,exp2_main_gmm,gmm_main,5,40,1800,333,rank-null,1260,-3.3588758479317686,466.8112792104907,509.12088718043253,288.58651487193504,562.1133723687617,0.2828449373224625,0.09779220403279311
p_fixed_energy_fixed,exp2_main_gmm,gmm_main,5,100,1800,430,signal,5,1.5590555173044498,669.056597650878,665.0144478937917,653.8293648738427,690.0826965284648,0.3694524710521065,0.07199957994083625
p_fixed_energy_fixed,exp2_main_gmm,gmm_main,5,100,1800,430,noise-dim,95,-0.1401691260249505,592.804501829415,591.1493516754585,566.9464114948935,620.7610776387991,0.3284163064863659,0.08574933832484649
p_fixed_energy_fixed,exp2_main_gmm,gmm_main,5,100,1800,430,sample,500,-2.7695372069927027,389.2119932617395,409.629361130727,273.79808791318044,462.12834534557004,0.22757186729484832,0.11016365998653663
p_fixed_energy_fixed,exp2_main_gmm,gmm_main,5,100,1800,430,rank-null,1200,-3.621093712881491,379.9553039774446,440.8165299068934,145.8080663006286,498.2534270923385,0.24489807217049633,0.10839607541106314
p_fixed_energy_fixed,exp2_main_gmm,gmm_main,5,200,1800,527,signal,5,1.2909574172778508,628.2583911386722,634.1037813054498,601.1319472890632,654.1557091665669,0.35227987850302767,0.07876799473727777
p_fixed_energy_fixed,exp2_main_gmm,gmm_main,5,200,1800,527,noise-dim,195,-0.5830403897011716,602.7319309233756,603.7063357635383,575.4776742673425,630.7889164687132,0.33539240875752124,0.08439379165130703
p_fixed_energy_fixed,exp2_main_gmm,gmm_main,5,200,1800,527,sample,500,-3.3460077258491356,295.2842591700523,309.1189056312965,173.94202057374017,378.5648628311787,0.1717327253507203,0.12584793629893704
p_fixed_energy_fixed,exp2_main_gmm,gmm_main,5,200,1800,527,rank-null,1100,-3.964276381759743,298.89652737091615,340.12832468978536,112.56432320615563,410.4886281043294,0.18896018038321408,0.12135135387049364
p_fixed_energy_fixed,exp2_main_gmm,gmm_main,5,500,1800,624,signal,5,0.8439430840872958,627.3843778032613,626.1331819472082,606.5272994100496,649.5279275295393,0.347851767748449,0.08002136303696948
p_fixed_energy_fixed,exp2_main_gmm,gmm_main,5,500,1800,624,noise-dim,495,-1.1201932420772405,602.038540832652,602.6073016763688,573.2991089986014,631.8610800746291,0.33478183426464936,0.08329427048780828
p_fixed_energy_fixed,exp2_main_gmm,gmm_main,5,500,1800,624,sample,500,-4.08357469959097,240.26137064593888,255.7975326715216,113.99154778562718,343.71202607754674,0.14210974037306756,0.1433511053189625
p_fixed_energy_fixed,exp2_main_gmm,gmm_main,5,500,1800,624,rank-null,800,-4.468355508554685,294.3992627406062,325.6382272911274,157.2533984965619,376.1054816140839,0.18091012627284855,0.12379132573532359
p_fixed_energy_fixed,exp2_main_gmm,gmm_main,5,1000,1800,721,signal,5,0.6028866654290364,630.5559485690974,626.338222595914,621.7983129615504,641.9290015655179,0.3479656792199522,0.07970192215423214
p_fixed_energy_fixed,exp2_main_gmm,gmm_main,5,1000,1800,721,noise-dim,995,-1.5124709890261279,600.4698064937247,600.6424888058501,572.2083104393054,627.9009846618352,0.3336902715588056,0.08362667396559693
p_fixed_energy_fixed,exp2_main_gmm,gmm_main,5,1000,1800,721,sample,500,-4.577032930943841,372.22865479868767,417.5370024757664,169.17562256221808,491.2948559189532,0.2319650013754258,0.11337313359215247
p_fixed_energy_fixed,exp2_main_gmm,gmm_main,5,1000,1800,721,rank-null,300,-4.812765607719509,377.20314654846663,400.62553066112116,239.73986736266437,477.911271094137,0.22256973925617843,0.10814378999202334
p_fixed_energy_fixed,exp3_main_gmm,gmm_main,2,20,1800,42,signal,2,2.301366158386925,825.3538969543365,825.3538969543365,808.9648491239725,841.7429447847006,0.45852994275240916,0.054500904881654516
p_fixed_energy_fixed,exp3_main_gmm,gmm_main,2,20,1800,42,noise-dim,18,0.9724281668974577,565.9050518589454,561.9010057711891,540.5286298358761,598.2166346125113,0.3121672254284384,0.08443287723216353
p_fixed_energy_fixed,exp3_main_gmm,gmm_main,2,20,1800,42,sample,500,-2.0314609602959397,473.7599107187743,487.38511744325615,391.1863224179813,529.0130407680806,0.27076950969069785,0.10161987473253825
p_fixed_energy_fixed,exp3_main_gmm,gmm_main,2,20,1800,42,rank-null,1280,-3.6989461265010624,448.4674195130183,494.92075485494354,262.2018624638106,549.6350998452342,0.2749559749194131,0.09991782646835806
p_fixed_energy_fixed,exp3_main_gmm,gmm_main,5,20,1800,139,signal,5,1.9529994123108974,726.8703780688038,734.5668985994752,693.4844283420665,751.8264239293006,0.4080927214441529,0.06495613717840544
p_fixed_energy_fixed,exp3_main_gmm,gmm_main,5,20,1800,139,noise-dim,15,0.9948339049794941,582.5218877923719,587.028295739538,563.5185896323158,603.1113713096971,0.32612683096641,0.08406332642811208
p_fixed_energy_fixed,exp3_main_gmm,gmm_main,5,20,1800,139,sample,500,-1.6680320307792482,499.1625927109802,508.1061379590087,436.53662456984244,557.8456142459785,0.2822811877550048,0.09667517706447354
p_fixed_energy_fixed,exp3_main_gmm,gmm_main,5,20,1800,139,rank-null,1280,-3.3811182124319865,468.33109119204084,517.1663936144116,272.7331601645538,566.0953252119483,0.2873146631191176,0.09625686823819479
p_fixed_energy_fixed,exp3_main_gmm,gmm_main,8,20,1800,236,signal,8,1.7048478476488593,681.2369920716692,672.5805613417053,629.312588795773,740.2613059995537,0.37365586741205853,0.06842498505669412
p_fixed_energy_fixed,exp3_main_gmm,gmm_main,8,20,1800,236,noise-dim,12,1.033314012194761,593.8175349116855,597.1776332628682,567.8012376911961,614.0817613121106,0.33176535181270456,0.08029020389947747
p_fixed_energy_fixed,exp3_main_gmm,gmm_main,8,20,1800,236,sample,500,-1.4573356141949394,513.9132859198494,523.2374339760698,447.75158199924425,570.6233261717173,0.2906874633200388,0.09525462741189486
p_fixed_energy_fixed,exp3_main_gmm,gmm_main,8,20,1800,236,rank-null,1280,-3.2364121512576407,470.6709650086882,517.7765655140626,282.10349258216627,569.6304753477491,0.2876536475078125,0.09663881332645974
p_fixed_energy_fixed,exp3_main_gmm,gmm_main,12,20,1800,333,signal,12,1.6087598593234165,660.6672971562604,651.7094877378927,623.2529146215762,699.433607066349,0.3620608265210515,0.07263954386284924
p_fixed_energy_fixed,exp3_main_gmm,gmm_main,12,20,1800,333,noise-dim,8,1.1483077802925876,596.4139375933557,585.8035558889571,565.7263247358328,647.2377607549925,0.32544641993830953,0.08599342771621324
p_fixed_energy_fixed,exp3_main_gmm,gmm_main,12,20,1800,333,sample,500,-1.2171343113030975,531.517572960524,539.9538528089072,469.52433260203253,587.6804874016724,0.2999743626716151,0.09400284336085352
p_fixed_energy_fixed,exp3_main_gmm,gmm_main,12,20,1800,333,rank-null,1280,-3.0797745579531437,480.8762235846707,522.3396691723408,311.89720206309045,577.558926196482,0.2901887050957449,0.09600479271016468
p_fixed_energy_fixed,exp3_main_gmm,gmm_main,16,20,1800,430,signal,16,1.5280813433641953,653.919761175157,648.0401523050596,617.0908979588294,699.5281389757176,0.3600223068361442,0.07741793563995135
p_fixed_energy_fixed,exp3_main_gmm,gmm_main,16,20,1800,430,noise-dim,4,1.3248497110800197,609.1413027356726,610.5005583286606,588.8795843863478,628.315616610607,0.3391669768492559,0.0860545080533153
p_fixed_energy_fixed,exp3_main_gmm,gmm_main,16,20,1800,430,sample,500,-1.0770256282354063,540.3851628872762,550.4539390479133,477.89507925279895,590.0775913525042,0.3058077439155074,0.0922147669609002
p_fixed_energy_fixed,exp3_main_gmm,gmm_main,16,20,1800,430,rank-null,1280,-2.9853585351254486,487.3973409559546,527.8389795062715,314.49230629840446,582.9320306812787,0.29324387750348413,0.09545982703105588
p_fixed_energy_fixed,exp3_main_gmm,gmm_main,20,20,1800,527,signal,20,1.4909378822346597,645.7138867897096,632.8436811550779,606.1371794656458,697.1389185426176,0.35157982286393213,0.07947383629891686
p_fixed_energy_fixed,exp3_main_gmm,gmm_main,20,20,1800,527,sample,500,-1.070021021505596,540.2546372778716,550.5738023802924,474.71883373431587,592.6723042047441,0.305874334655718,0.09168488627775342
p_fixed_energy_fixed,exp3_main_gmm,gmm_main,20,20,1800,527,rank-null,1280,-2.9890825108321364,483.9191412320655,526.5329477790581,309.80627255984405,582.5905805127761,0.29251830432169895,0.09514276980396205
